BRE,HEA,SEC,INE,FAC,HAS,HAB,SIL,UGL,UNT,UNE,PR,POL,VAX,DIS,EXA,ROB
1,1,1,1,1,1,1,1,1,1,1,1,8,32,0,0,3
6,6,3,2,3,1,2,2,2,2,3,1,2,41,0,0,2
7,7,7,7,7,7,7,7,7,7,7,7,5,35,0,4,2
2,2,3,2,2,2,1,3,3,2,2,5,4,33,0,3,6
5,6,5,4,5,1,1,4,4,1,2,1,4,42,0,2,5
7,7,7,7,7,7,7,6,6,6,6,7,7,72,4,10,9
1,1,1,1,1,1,1,1,1,1,1,1,2,21,0,0,4
3,2,1,1,1,1,1,3,3,1,1,1,5,22,0,1,6
7,7,7,4,5,7,7,7,7,1,1,7,7,42,0,1,4
7,7,7,7,4,6,6,4,4,4,4,5,4,42,0,7,2
5,3,5,3,4,4,5,1,1,1,1,4,7,45,2,6,6
2,5,4,2,5,2,4,5,2,1,4,1,4,27,0,0,4
5,4,6,5,4,4,5,2,3,4,3,6,7,48,4,9,6
5,3,4,2,3,2,3,1,1,2,2,3,4,35,2,6,5
7,7,7,5,5,6,6,6,6,7,7,7,4,30,0,0,3
7,6,5,1,2,2,1,1,2,1,2,1,2,43,1,1,4
6,5,1,1,2,1,1,1,1,1,1,1,2,30,0,0,3
2,1,2,1,1,1,1,1,3,2,1,1,4,49,0,0,4
6,6,7,7,7,7,7,7,7,7,7,7,8,71,7,11,8
5,6,5,5,5,5,5,5,5,5,5,6,4,57,0,0,0
5,4,5,5,4,4,5,5,6,4,4,5,5,43,6,7,7
6,6,5,5,6,5,6,2,3,3,5,4,5,44,7,3,4
3,4,2,2,2,2,3,2,2,2,2,2,4,33,0,2,3
4,6,4,3,1,5,5,5,4,4,4,4,7,28,0,0,6
7,4,1,4,4,1,1,4,4,4,4,2,4,44,0,0,6
6,5,4,5,5,6,5,3,5,5,5,6,3,51,7,3,3
1,2,1,1,1,1,1,1,1,1,1,1,7,19,0,0,9
6,5,4,4,4,5,4,4,4,4,4,4,4,32,0,2,4
4,4,7,3,2,3,6,3,2,3,4,3,2,39,1,3,6
7,5,3,4,4,4,4,4,4,4,4,5,5,48,3,4,3
4,6,2,2,2,2,2,2,2,2,2,2,5,35,3,0,4
5,5,4,4,4,3,3,3,3,3,3,3,2,41,5,3,6
6,6,6,7,4,1,1,2,4,4,4,6,4,54,6,7,6
1,1,1,1,1,1,1,1,1,1,1,1,3,30,0,0,0
7,6,6,7,7,7,7,7,7,6,7,7,8,64,6,11,9
6,6,7,6,5,7,7,7,7,7,4,7,7,57,2,7,4
5,5,4,2,2,1,2,4,4,4,4,4,4,42,0,0,0
1,1,5,1,1,1,1,1,1,1,1,1,2,33,0,0,0
5,5,4,3,3,3,2,4,3,2,3,3,7,42,3,6,5
6,6,7,6,5,7,5,5,5,3,3,7,2,69,11,12,12
7,7,3,2,2,3,5,1,1,1,1,1,4,45,0,0,7
5,5,4,3,2,1,1,1,1,1,1,6,7,34,0,3,5
5,5,1,1,1,4,1,1,1,1,1,1,2,25,0,0,2
4,3,3,2,2,2,1,1,1,1,1,2,3,35,0,0,5
7,7,1,1,4,1,1,1,1,1,1,1,4,60,0,4,0
1,2,4,2,2,2,1,2,2,2,2,2,2,21,0,0,0
5,6,5,5,3,3,4,3,3,3,5,6,8,51,1,8,5
5,4,1,1,1,1,1,1,1,1,7,1,4,60,0,5,4
6,2,1,1,1,6,1,1,1,1,1,1,8,35,4,2,12
6,6,2,2,2,4,2,2,2,2,2,2,2,45,1,0,1
6,6,4,4,4,4,4,4,4,4,4,4,4,45,6,6,6
2,1,3,3,2,4,3,5,5,3,4,5,5,43,1,3,6
2,1,4,2,2,1,2,4,4,3,4,1,4,37,0,0,6
7,5,5,4,4,2,1,1,1,1,1,5,4,34,0,0,2
5,6,2,6,1,1,1,1,1,1,1,2,4,51,2,0,3
6,6,3,2,2,3,5,4,5,2,2,5,2,34,1,1,4
3,3,2,2,2,2,2,5,5,2,5,3,1,40,0,3,5
6,4,4,4,4,1,1,1,1,1,1,1,5,39,0,4,0
5,5,2,2,1,2,6,2,2,1,5,2,4,16,0,0,0
6,6,6,6,6,6,6,4,4,1,1,7,5,27,8,12,12
5,2,2,2,2,1,1,1,1,1,1,2,4,26,0,7,3
5,4,2,2,2,1,1,1,1,1,1,1,3,40,0,0,4
6,4,5,2,4,2,2,4,3,3,4,2,5,44,0,0,0
5,5,1,1,1,1,1,1,1,1,5,1,2,38,0,0,4
3,4,3,3,2,3,2,4,4,4,4,4,7,35,3,5,7
1,4,2,1,1,1,1,4,1,1,4,2,4,45,0,1,7
2,5,2,2,2,2,5,2,2,2,2,2,7,43,1,5,5
4,4,6,5,5,7,7,7,5,4,4,7,7,36,4,10,11
5,6,6,5,5,5,6,5,5,2,4,6,7,40,3,4,6
2,2,7,7,6,1,5,6,4,6,4,6,7,57,2,7,8
2,3,4,3,3,4,3,4,4,4,3,3,1,45,3,3,6
3,6,2,2,2,2,4,5,4,5,5,2,3,41,3,4,5
6,4,5,3,3,5,5,6,6,6,5,6,7,34,4,9,8
5,7,4,4,4,4,4,4,4,4,4,4,1,39,6,6,6
3,2,5,5,1,1,1,5,5,6,4,7,8,22,0,9,6
5,5,4,2,3,5,6,2,2,2,4,4,4,39,1,0,3
1,1,1,1,1,1,1,1,1,1,1,1,4,32,0,2,7
7,6,7,6,7,6,6,6,6,7,7,7,7,69,1,10,5
7,7,7,7,7,5,5,5,5,5,5,5,4,38,6,6,6
1,1,1,1,1,1,2,1,1,1,1,1,7,44,0,0,5
2,2,2,1,2,1,1,1,1,1,6,1,2,44,0,0,4
5,1,2,2,4,1,5,5,5,2,4,5,7,51,0,6,5
1,1,1,1,1,1,1,4,4,4,4,1,3,38,0,0,1
5,5,5,5,5,5,1,5,5,5,5,5,3,36,5,5,7
5,5,5,3,4,5,4,4,4,4,4,5,2,43,1,4,6
4,4,4,3,3,1,1,1,1,1,1,1,1,31,0,1,3
7,5,6,3,2,1,5,1,1,1,1,1,4,12,0,0,2
2,2,2,2,3,2,2,4,2,2,2,2,7,43,12,4,4
5,3,2,1,1,2,3,4,1,1,4,1,4,30,0,1,6
6,5,3,3,3,2,5,4,4,4,4,3,2,20,0,2,5
5,5,6,5,5,6,6,7,6,6,6,6,7,58,2,6,6
7,7,5,1,1,4,2,4,2,1,1,1,2,35,0,0,4
6,5,6,1,2,1,2,4,4,1,7,7,4,24,0,0,1
5,5,1,1,1,1,1,1,1,1,1,1,2,27,0,0,6
5,4,3,3,1,2,1,1,1,1,1,1,4,15,0,0,6
2,5,5,1,2,1,2,1,1,1,1,1,3,40,0,0,4
4,5,2,2,2,4,5,4,4,2,4,2,2,34,1,1,6
5,5,5,1,1,1,1,1,1,1,1,1,5,28,0,0,2
5,5,2,2,2,2,3,2,2,2,2,2,7,41,3,5,6
5,5,5,3,2,2,5,4,4,3,3,3,7,30,1,6,9
4,2,4,2,2,2,4,2,4,2,2,4,4,32,5,4,5
5,7,3,3,2,4,3,5,5,5,4,4,3,28,1,10,5
7,7,7,4,4,7,5,7,4,7,6,7,4,37,6,9,6
5,2,1,1,1,5,6,5,5,1,1,6,5,18,1,6,4
7,7,7,7,7,7,7,7,7,7,4,7,5,69,7,7,9
3,5,3,2,5,4,6,6,5,6,5,4,4,58,1,3,10
5,5,2,2,1,2,2,2,2,1,1,1,1,30,1,0,3
6,4,3,1,1,1,1,1,1,1,1,1,4,39,0,1,4
5,5,7,6,4,4,6,5,5,5,4,7,7,39,4,8,6
1,1,1,1,1,1,1,1,1,1,1,1,1,13,0,0,0
4,4,7,7,7,7,7,7,7,7,7,7,7,65,4,12,12
7,7,7,7,7,7,7,7,7,7,7,7,7,59,12,12,12
3,2,3,2,2,2,1,2,3,2,4,1,1,40,1,3,9
1,1,1,1,1,1,1,1,1,1,1,1,2,32,3,0,1
7,7,2,2,2,2,2,1,1,2,2,2,8,39,0,0,0
6,7,1,1,1,5,5,5,5,3,1,1,4,22,0,0,4
5,5,3,3,6,4,5,2,2,2,2,4,2,47,0,0,6
5,4,5,4,5,4,6,5,5,5,5,6,5,43,2,8,7
5,4,2,2,2,1,5,4,4,2,2,2,4,38,3,4,5
5,5,2,1,2,1,2,2,2,2,4,3,4,63,0,2,5
5,5,3,3,3,5,5,2,2,2,3,4,2,32,3,3,5
7,6,6,6,6,7,6,6,6,5,5,7,2,54,6,5,9
5,5,3,2,3,3,5,4,3,4,5,4,1,28,0,4,5
7,7,4,3,2,1,1,4,2,1,1,4,2,31,0,0,0
4,4,4,4,4,4,4,4,4,4,4,4,4,45,6,4,4
6,5,7,5,5,5,5,6,6,7,5,6,4,44,1,6,6
5,6,4,3,5,7,3,7,7,5,5,7,8,46,0,0,3
6,6,3,2,1,5,3,7,7,1,4,5,4,49,0,0,5
7,6,5,6,7,6,7,6,5,4,5,6,2,48,11,9,6
2,3,3,2,2,2,2,2,1,1,1,1,4,44,5,5,3
5,4,3,2,2,1,3,4,4,2,4,4,7,39,0,1,12
4,2,1,1,1,1,1,1,1,5,5,1,5,40,4,0,6
4,2,1,1,1,5,4,1,1,2,2,1,4,33,4,0,6
5,4,5,4,5,5,5,2,2,2,2,6,4,44,0,1,6
1,2,2,2,2,1,1,1,1,1,1,1,5,23,0,0,5
4,2,5,4,4,5,3,3,4,3,3,6,7,48,5,7,6
4,1,1,1,1,1,1,1,1,1,7,1,1,35,0,0,5
2,2,2,2,2,2,2,1,2,2,2,2,1,25,3,2,5
4,4,7,7,7,7,4,5,7,7,7,7,8,68,8,12,7
5,4,2,2,2,4,2,2,4,2,3,4,7,37,0,3,5
3,4,7,7,7,7,7,5,4,2,3,7,7,47,3,10,9
4,3,6,6,5,2,1,6,6,4,5,2,8,59,4,9,9
7,7,7,6,7,6,7,4,6,1,4,7,4,48,0,2,4
5,6,4,4,1,1,1,1,1,4,5,2,1,43,0,1,2
1,1,1,1,1,1,1,1,1,1,1,1,2,37,0,0,2
7,6,7,6,7,7,4,7,4,5,5,7,7,68,5,10,6
5,5,1,1,1,1,1,2,1,1,1,1,4,40,0,0,2
6,5,5,4,4,3,3,4,4,3,3,3,4,44,5,7,6
7,7,5,5,5,7,5,7,4,4,4,7,4,31,0,5,0
7,7,5,5,5,5,5,4,4,5,4,7,8,64,0,6,5
5,5,2,2,2,5,6,2,2,5,5,5,3,45,0,0,5
5,5,1,1,2,2,1,1,1,1,4,4,7,17,0,2,4
4,4,6,6,5,4,5,4,4,4,4,5,7,49,1,1,3
3,5,4,2,2,1,1,1,1,1,1,1,4,39,0,0,0
4,4,4,3,4,4,4,3,3,3,3,4,2,40,5,3,5
3,1,1,1,1,1,1,1,1,1,1,1,7,16,0,10,9
6,5,4,4,3,2,5,3,3,3,3,5,4,30,0,1,0
4,3,3,2,2,1,4,5,2,4,4,3,3,46,1,2,7
2,6,2,2,2,1,1,1,1,1,1,1,2,30,1,0,5
4,4,3,3,3,3,3,5,5,2,2,5,4,41,0,5,5
6,5,4,4,3,3,4,5,4,2,2,4,2,40,0,2,3
1,5,1,1,1,1,1,1,1,1,1,1,3,35,0,2,2
6,7,7,7,7,7,7,7,7,7,7,7,4,57,4,12,12
1,1,1,1,1,1,1,1,1,1,1,1,1,12,0,0,0
5,4,5,2,3,2,2,1,1,1,2,1,5,43,0,0,1
5,1,1,1,1,1,5,1,1,1,1,1,2,28,0,1,6
7,7,7,7,4,1,7,6,7,5,5,7,8,43,2,12,10
7,6,5,4,3,6,6,7,7,4,4,7,7,44,5,7,6
6,6,6,5,5,5,6,5,5,5,5,6,7,39,2,8,10
1,1,1,1,1,1,1,1,1,6,2,1,1,21,0,0,11
6,6,7,7,7,7,7,7,7,7,7,7,5,48,4,12,6
1,1,1,1,1,1,1,1,1,1,1,1,4,23,0,3,4
7,7,6,6,6,6,6,7,7,4,5,6,4,52,0,0,0
4,5,4,3,4,4,4,4,4,4,5,5,4,37,6,6,6
2,2,1,1,1,1,1,1,1,1,1,1,5,46,3,0,0
6,6,4,5,3,2,2,5,5,7,4,7,1,50,12,12,12
5,5,2,2,2,5,5,2,2,4,4,3,4,45,0,0,6
6,6,3,1,2,3,3,4,4,3,3,5,3,26,1,0,6
6,5,4,4,4,1,1,1,1,1,1,1,4,49,0,7,2
5,2,4,1,2,1,1,1,5,4,4,1,2,37,0,0,3
5,4,6,6,3,1,1,1,1,1,1,1,4,53,0,2,7
4,4,1,1,1,1,1,1,1,1,1,1,2,31,0,0,0
5,6,2,2,1,3,2,2,2,2,2,2,1,46,0,0,5
5,1,4,4,2,1,1,1,1,1,1,1,1,25,0,0,4
5,5,3,3,3,3,3,3,3,3,3,3,1,13,0,0,0
7,7,7,7,7,7,2,7,5,7,7,7,4,72,4,12,12
5,6,2,1,1,5,4,5,5,1,1,1,2,44,0,0,6
7,7,7,6,6,6,6,7,7,4,6,7,4,52,6,7,6
5,4,3,2,3,2,2,2,2,4,4,1,4,43,0,0,6
5,4,5,3,3,3,4,5,5,6,5,4,5,44,3,8,8
2,6,3,2,3,4,5,5,5,1,1,1,1,35,0,1,6
3,2,1,1,1,1,1,1,1,1,1,1,1,17,0,0,2
6,4,2,1,1,2,2,1,1,2,1,1,2,51,7,0,5
1,1,6,4,4,2,5,4,2,1,4,2,1,48,0,0,1
4,3,5,4,3,4,4,2,2,2,2,2,1,38,0,0,0
5,3,2,2,3,2,2,1,1,2,4,4,3,33,5,1,7
7,6,4,4,4,3,3,2,2,2,2,7,8,18,3,5,5
6,5,7,5,5,5,5,6,6,6,6,6,4,64,6,7,6
4,2,2,2,2,1,1,1,1,1,1,1,4,34,0,0,0
1,1,3,2,2,4,2,4,4,2,4,4,3,34,0,4,6
4,2,6,5,3,1,1,2,1,1,1,1,4,49,0,1,5
1,1,1,1,1,1,1,1,1,1,7,1,1,35,0,0,9
2,2,5,2,2,1,2,1,2,1,1,2,5,26,0,2,3
2,1,1,1,1,1,1,1,1,1,1,1,2,27,0,0,5
7,5,5,5,4,4,4,5,4,5,5,7,4,65,6,9,5
2,2,2,2,1,2,2,2,2,2,2,4,4,49,0,2,4
3,5,4,4,3,1,1,1,1,1,1,1,4,51,2,4,5
6,4,4,3,3,2,2,2,2,5,5,3,2,38,1,3,5
2,2,2,2,2,2,2,2,2,2,2,2,3,32,2,3,3
3,3,5,5,4,5,2,2,2,2,2,2,4,43,2,0,6
1,1,1,1,1,1,1,1,1,1,1,1,4,36,0,0,6
1,1,1,1,1,1,1,1,1,1,1,1,7,66,4,4,6
1,6,1,1,1,1,1,1,1,1,1,1,1,12,0,0,7
5,5,3,2,2,1,1,1,1,1,1,2,5,28,1,0,5
5,5,2,1,1,1,1,3,2,2,4,2,2,39,0,1,0
6,4,4,4,4,4,4,4,4,4,4,5,4,43,0,4,6
3,2,3,2,2,2,1,2,2,2,2,1,4,32,1,1,6
5,3,2,1,1,3,5,4,2,2,5,5,7,38,3,1,4
1,1,1,1,2,1,1,1,1,1,1,1,2,13,0,0,2
7,7,6,4,4,4,5,7,7,7,7,7,4,54,1,5,6
7,7,7,4,1,6,5,7,7,1,7,7,7,72,7,12,11
2,2,2,2,2,2,2,2,1,1,1,1,5,43,0,0,0
6,6,5,4,2,2,5,3,3,3,3,4,5,44,5,7,7
6,6,6,6,6,5,6,6,5,6,6,6,4,63,3,6,5
2,5,7,4,4,1,1,1,1,1,1,1,2,48,0,0,6
2,2,4,4,2,5,2,2,2,2,2,5,4,46,3,5,7
7,1,7,1,1,1,1,1,1,1,7,1,8,43,0,0,0
5,4,4,4,4,2,4,4,4,4,4,4,4,52,6,7,7
7,7,3,1,5,7,5,7,7,5,6,6,8,30,10,8,12
7,7,7,7,7,6,7,5,5,4,6,7,8,51,0,0,4
6,4,6,6,6,6,6,6,6,6,6,6,8,41,5,8,9
6,6,4,3,2,4,6,2,2,2,2,6,4,43,3,4,5
7,7,4,5,4,5,5,7,7,4,5,2,3,44,3,6,6
2,5,3,2,1,1,1,2,2,1,1,1,1,23,0,0,3
7,6,6,5,4,2,3,2,2,2,2,5,8,65,1,6,8
7,7,2,1,4,1,3,1,1,1,4,1,2,39,0,1,4
1,1,1,1,1,1,1,1,1,1,1,1,3.282202708,29,0,0,0
5,3,1,1,1,1,5,1,1,1,1,1,2,29,4,0,0
5,5,4,4,3,3,3,5,5,6,6,3,3,45,1,3,3
7,7,7,5,7,2,4,4,4,6,7,7,4,37,0,1,2
7,2,5,3,5,5,7,5,4,1,1,5,1,55,0,6,7
5,5,2,2,2,1,2,2,2,2,2,2,4,37,0,0,0
6,6,6,4,4,2,2,3,4,4,4,5,3,53,0,8,7
5,5,3,4,4,4,4,5,5,5,4,4,2,38,6,4,8
4,4,4,4,4,5,5,4,4,4,2,5,4,41,0,2,6
4,3,2,2,2,2,2,2,2,2,2,2,4,41,2,1,6
1,1,6,2,1,1,1,1,1,1,1,1,1,38,0,0,5
6,7,7,7,6,3,4,4,5,5,6,6,4,67,3,6,2
6,5,7,6,5,1,3,1,1,1,1,5,8,46,1,3,4
3,3,1,3,2,1,1,1,1,1,1,1,8,29,6,6,6
3,4,2,2,2,1,1,4,2,2,2,2,3,37,0,3,6
7,7,6,5,1,1,3,1,1,1,1,7,8,58,0,7,6
5,2,4,4,4,2,2,2,2,4,2,4,7,43,1,4,6
3,1,7,3,1,7,7,7,7,7,7,7,7,53,0,6,6
5,5,2,2,3,1,1,2,2,2,2,2,5,33,1,0,6
5,6,6,5,5,5,5,1,5,6,5,6,2,49,8,0,1
7,6,6,5,6,4,6,4,4,2,2,4,3,42,3,0,4
6,7,7,6,6,1,1,5,4,4,4,4,8,32,0,4,6
1,4,1,1,3,2,3,3,3,2,4,2,4,30,0,0,4
1,6,1,1,1,1,1,1,1,1,1,1,2,42,0,0,3
1,1,1,1,1,1,1,1,1,1,1,1,4,19,0,0,6
5,5,4,3,5,5,7,6,6,4,5,6,4,53,0,5,6
2,5,4,3,3,2,2,2,2,2,2,2,2,35,0,0,6
6,6,2,2,2,2,2,2,2,2,2,2,1,51,0,0,0
1,1,4,3,3,1,1,1,1,1,1,1,3,23,0,0,2
1,1,1,1,1,1,1,5,4,1,1,1,4,52,0,2,6
6,6,2,1,1,4,5,1,1,5,1,1,2,29,0,0,0
5,5,2,1,1,1,1,1,1,1,1,1,2,48,0,0,3
5,5,4,2,2,2,3,4,4,3,4,3,3,35,5,6,6
2,2,5,2,4,1,1,1,1,2,2,1,3,41,0,0,5
6,4,4,4,4,4,5,3,3,3,4,4,4,46,6,4,5
1,1,7,6,5,1,3,1,1,1,1,6,4,59,10,10,9
5,1,4,5,4,1,7,2,2,6,1,1,4,32,0,0,7
3,5,5,1,2,2,1,1,1,1,1,1,2,25,0,0,6
6,6,4,2,2,5,6,4,4,4,4,4,4,60,0,2,0
3,4,2,2,2,1,2,1,1,1,2,4,4,39,0,1,5
4,5,5,5,2,3,7,1,1,1,1,5,5,45,1,7,9
5,5,5,4,4,5,5,4,4,3,3,5,8,47,7,7,8
7,7,6,6,6,7,7,7,7,6,6,7,4,55,4,10,9
5,5,5,4,6,4,4,2,2,2,2,2,8,47,3,9,7
1,1,1,1,1,1,1,1,1,1,1,1,4,45,0,1,0
1,1,1,4,1,4,1,1,1,1,1,7,7,62,2,7,9
5,6,1,1,1,1,1,1,1,1,1,1,2,14,0,0,3
6,6,4,4,4,1,5,6,6,7,7,7,4,37,0,8,6
5,5,4,3,3,2,5,4,3,3,3,4,4,45,0,5,7
2,2,2,2,2,2,2,2,2,2,2,2,1,36,3,3,6
5,4,3,2,3,3,3,2,2,2,2,2,2,42,4,5,6
5,5,3,3,3,2,2,3,2,2,2,2,2,29,2,1,5
5,5,7,4,3,1,2,4,4,5,5,1,4,33,0,0,6
2,5,2,2,2,1,1,2,2,1,2,2,1,23,0,0,7
5,3,6,4,4,1,2,2,2,1,1,4,3,36,0,4,6
7,4,6,6,6,6,7,5,4,3,7,7,2,22,0,0,3
1,1,1,1,1,1,1,1,1,1,1,1,4,33,0,0,0
5,3,1,1,1,1,5,5,5,5,5,5,4,37,0,0,0
4,1,1,1,1,1,1,1,1,1,1,1,7,61,1,3,5
1,1,2,1,1,1,3,1,1,1,1,1,2,14,0,0,4
5,5,4,3,1,1,4,1,1,1,1,1,5,38,0,0,2
3,4,1,2,1,1,4,4,5,3,5,1,7,46,0,0,0
6,1,4,1,4,3,6,4,4,4,4,2,7,35,0,4,0
2,2,1,1,2,1,1,2,2,1,1,2,3,25,0,2,6
6,6,3,2,2,2,1,3,4,4,2,1,3,41,1,1,5
5,4,3,2,2,3,4,2,2,2,2,4,2,29,2,5,5
5,5,5,4,7,3,5,4,4,5,5,5,8,63,0,7,4
6,6,4,4,4,5,5,5,5,4,3,4,2,38,0,3,5
1,5,2,2,2,1,1,1,1,1,1,6,8,47,3,8,12
6,7,5,6,6,5,5,6,5,5,6,6,1,53,7,8,8
3,4,4,2,2,1,1,1,1,1,1,1,4,38,3,6,8
4,4,4,4,4,4,4,4,4,4,4,4,4,38,0,0,4
5,4,6,4,4,5,4,6,4,4,4,6,8,41,3,9,3
6,6,2,2,1,2,6,6,6,6,5,4,8,18,5,4,7
7,7,2,2,2,2,2,2,2,2,2,3,4,39,0,1,1
5,6,6,5,1,5,5,5,5,3,5,4,5,27,0,10,9
3,3,2,1,1,1,1,1,1,1,1,1,1,39,0,0,0
5,5,5,2,2,1,4,7,3,3,4,1,4,32,4,0,2
5,4,7,1,1,3,3,1,1,1,1,1,4,40,1,7,9
1,1,3,1,1,1,2,2,2,2,2,2,4,23,0,0,3
7,7,5,4,4,5,6,4,4,4,4,4,8,50,1,4,6
5,5,2,1,1,2,2,2,1,1,1,1,1,12,1,0,6
3,2,5,6,3,2,2,2,2,2,3,2,5,40,1,9,4
5,2,2,2,2,2,2,1,1,1,1,1,7,29,0,0,1
7,6,7,7,7,7,7,7,7,7,6,6,1,49,10,10,11
3,3,2,2,1,1,1,1,1,1,1,1,4,40,0,0,0
6,1,1,2,2,2,2,1,1,3,2,1,4,44,9,8,9
5,3,2,2,2,2,2,3,3,3,3,3,1,41,3,3,4
4,4,4,4,4,2,2,2,2,2,2,2,7,45,3,5,6
6,4,4,3,3,1,4,1,1,1,1,4,4,23,0,8,7
5,7,7,6,4,1,1,1,1,1,4,1,1,60,0,0,2
5,2,2,3,2,2,3,2,2,2,2,2,5,34,0,0,0
5,5,3,1,2,1,5,4,4,2,4,3,2,27,0,5,8
5,5,3,1,1,1,2,1,1,1,2,1,5,20,0,0,1
6,5,4,5,4,4,5,3,2,2,5,4,8,41,1,2,8
6,6,3,4,3,3,3,3,3,3,3,5,5,42,2,6,9
5,5,4,3,3,4,5,6,4,3,4,2,4,37,0,3,3
7,7,1,1,1,1,1,1,1,1,1,1,4,29,0,0,0
2,2,2,2,2,1,1,2,2,2,2,2,7,35,0,1,5
5,5,4,1,2,1,1,4,4,1,2,1,4,27,0,1,3
6,6,7,7,6,6,7,7,6,4,4,7,7,69,1,12,6
7,4,5,3,6,1,4,4,4,1,4,1,7,48,1,6,3
5,5,1,1,1,2,2,2,1,1,1,1,3,21,0,1,5
1,1,4,4,4,1,1,1,1,1,1,1,4,38,0,0,4
4,5,4,4,4,3,3,4,3,2,3,3,2,40,0,5,6
6,6,4,4,4,7,4,7,7,7,7,7,1,27,4,6,8
2,2,1,1,1,1,1,1,1,1,1,1,4,43,0,0,6
4,4,3,3,3,3,3,3,3,3,3,3,3,45,3,4,4
1,1,2,3,4,1,1,1,1,1,1,1,8,55,1,7,6
7,7,4,1,1,4,1,4,4,7,4,6,8,51,0,2,5
5,5,2,1,1,1,2,2,2,2,2,1,2,31,0,0,3
7,7,7,7,7,7,6,7,7,7,7,7,4,63,3,9,9
2,6,4,3,1,5,5,3,3,4,5,6,7,33,0,9,6
2,5,2,1,1,1,1,1,1,1,1,1,8,46,0,1,0
7,7,7,7,4,7,7,4,4,4,4,7,4,72,1,11,5
5,5,6,3,5,5,4,5,4,4,4,6,4,57,2,7,5
3,2,4,2,2,3,5,5,5,6,6,2,8,35,1,5,4
5,5,4,4,4,4,5,5,5,5,5,6,2,39,2,3,5
5,5,7,4,1,4,4,7,7,7,7,7,4,27,6,12,8
6,6,1,1,1,1,5,1,1,1,1,1,3,57,0,0,11
7,7,1,1,1,7,7,7,7,7,7,7,3,34,0,0,0
5,4,5,4,4,5,7,4,1,5,7,7,4,68,1,8,9
4,7,4,2,2,5,4,4,4,4,4,7,7,35,3,10,10
7,7,1,7,4,1,1,4,1,1,1,7,5,72,0,8,4
5,2,5,6,4,6,6,7,6,5,6,7,8,51,7,12,6
1,1,1,1,1,1,1,1,1,1,1,1,2,47,0,0,8
4,4,4,4,4,3,3,3,3,3,3,3,4,52,3,3,3
6,6,2,1,1,3,1,5,3,1,4,2,2,30,0,1,5
5,6,2,2,2,2,2,2,3,2,2,4,3,38,0,0,3
1,1,4,4,2,1,1,4,4,2,1,1,7,43,3,2,6
6,6,2,2,2,5,3,6,6,2,4,4,8,35,1,7,6
7,6,6,6,6,6,6,4,4,5,6,7,8,71,3,9,6
6,6,4,4,4,4,4,4,4,6,4,4,1,32,0,2,11
1,2,1,1,1,1,1,4,4,4,4,1,3,48,0,0,4
5,5,6,4,4,4,5,7,7,7,4,4,5,32,0,2,7
5,4,7,6,6,4,4,4,4,4,4,4,1,15,0,0,2
5,5,5,2,2,3,2,3,5,4,2,1,3,37,0,1,2
7,6,2,2,2,5,5,6,6,5,4,2,4,42,0,0,2
5,3,1,1,1,1,1,1,1,1,1,1,5,38,0,0,7
6,5,4,1,1,1,1,5,3,1,4,2,8,29,0,3,4
1,6,4,4,3,1,1,1,1,1,1,1,4,55,0,2,0
5,5,5,4,4,3,3,3,3,2,3,3,4,35,3,3,3
3,2,2,2,2,2,5,5,5,3,3,4,3,42,3,3,6
2,2,2,2,2,1,1,1,1,1,1,1,4,37,0,0,4
5,5,2,1,2,5,5,4,4,3,2,5,8,26,1,7,5
5,5,5,2,2,1,4,1,1,1,2,1,2,41,0,0,4
3,1,2,1,2,2,2,2,2,1,1,1,2,44,0,0,5
5,3,2,2,2,2,2,1,1,1,3,1,4,39,5,0,2
7,7,7,7,7,7,7,7,7,7,7,7,4,72,6,12,12
6,6,5,4,4,6,6,6,4,5,6,6,4,32,0,0,5
5,6,3,2,3,5,6,2,3,1,2,2,1,36,0,0,0
7,7,7,7,7,7,1,5,5,1,5,5,4,46,0,12,12
1,1,1,1,1,1,2,1,1,1,1,1,4,19,10,0,4
6,6,2,2,2,2,6,2,2,2,2,2,1,35,0,1,4
2,2,2,2,2,2,2,2,2,2,2,2,4,48,0,0,1
2,2,1,1,1,2,6,3,1,1,2,2,1,49,0,0,2
5,4,6,1,2,1,1,1,1,1,1,1,3,28,0,0,1
5,5,1,1,1,1,5,4,4,1,1,5,5,31,0,0,5
2,2,5,5,2,2,2,5,5,2,2,4,4,51,5,7,8
6,5,6,4,2,2,3,5,3,5,5,1,3,48,0,0,0
2,2,5,3,2,1,4,2,1,5,5,1,7,39,0,0,3
6,6,2,2,2,5,5,2,2,2,2,6,4,33,3,5,3
1,1,1,2,1,1,1,1,1,1,1,1,3,24,0,0,1
2,5,4,1,1,1,1,1,1,1,1,1,4,28,0,0,0
4,4,4,3,4,1,2,5,5,5,4,2,8,42,0,0,0
2,2,2,2,2,1,2,2,2,2,2,1,4,33,1,3,3
5,5,1,1,1,1,4,1,1,1,1,1,2,44,0,4,10
2,2,2,1,1,2,1,2,2,2,2,2,2,15,0,3,3
7,7,6,6,6,7,7,4,5,5,5,7,1,45,3,12,2
6,4,2,1,1,6,7,3,3,2,6,2,5,37,0,0,3
5,1,1,1,2,1,5,1,1,1,1,1,1,34,0,0,7
1,1,2,2,2,1,1,1,1,1,1,1,7,36,0,0,1
4,4,4,3,2,3,5,4,4,2,4,3,5,26,1,3,6
6,5,5,4,5,2,4,3,2,2,2,1,2,24,1,2,7
5,5,6,1,5,1,5,5,3,1,1,6,4,37,0,5,2
1,1,3,2,2,2,5,5,5,1,3,5,4,38,1,5,5
5,3,1,1,1,2,2,1,1,1,1,1,5,24,0,0,0
5,5,4,2,2,2,2,2,2,5,5,2,4,19,0,0,4
1,2,5,2,5,2,5,1,1,1,5,5,2,43,0,1,3
5,2,2,2,2,2,2,4,5,4,4,4,4,36,3,3,9
1,1,1,2,2,2,3,1,1,1,1,1,4,21,0,1,5
7,7,7,7,7,7,7,7,7,7,7,7,5,49,6,10,6
5,3,4,1,1,1,1,1,1,1,1,2,2,34,0,0,4
2,6,2,2,2,2,2,4,4,2,2,4,3,18,0,3,6
5,5,1,1,1,1,1,1,1,1,1,1,1,27,0,0,0
2,2,2,2,2,2,2,2,2,2,2,2,3,32,1,0,4
5,5,2,2,2,1,5,4,2,4,4,4,1,40,0,1,0
5,4,4,4,4,3,3,4,4,4,4,4,2,40,6,6,6
5,5,3,2,2,1,5,4,2,1,2,1,4,43,1,0,6
5,5,5,4,4,4,4,5,5,2,2,4,5,28,3,5,5
6,7,7,2,2,2,3,4,4,1,5,1,4,37,0,0,2
4,4,4,4,4,4,4,4,4,4,4,7,5,65,6,7,6
2,5,4,5,5,3,5,5,3,5,6,5,7,46,2,5,2
7,6,7,6,6,4,5,2,2,1,1,6,4,51,0,0,4
6,6,1,1,6,3,4,5,5,5,4,4,2,51,3,7,4
5,1,1,1,1,1,1,1,1,1,1,1,1,23,0,0,4
1,5,5,1,1,1,5,5,5,1,1,1,4,26,0,0,4
5,4,5,3,4,2,3,4,4,4,1,1,4,35,1,0,6
3,3,2,2,2,2,2,2,2,2,2,2,2,27,2,1,4
6,6,2,4,2,5,6,1,1,1,1,2,1,19,0,0,0
6,7,5,3,2,2,1,2,2,1,2,1,4,26,1,3,5
2,2,2,2,2,4,5,2,2,2,2,2,4,41,0,0,0
4,4,4,4,4,4,4,4,4,4,4,4,8,45,5,5,6
5,5,6,2,4,4,1,1,1,1,4,1,4,50,0,1,6
6,6,5,4,4,4,4,1,1,1,1,1,4,31,0,0,0
3,5,4,2,2,1,3,2,1,1,1,1,1,49,0,0,6
5,6,4,2,2,3,3,3,3,2,2,2,5,51,1,3,6
1,1,1,1,1,1,1,1,1,1,1,1,2,60,2,0,6
4,5,2,2,2,1,3,1,1,4,4,1,4,41,0,2,0
5,6,2,2,2,4,4,4,4,4,4,4,1,31,2,0,6
1,2,1,1,1,1,6,6,5,1,1,1,5,21,0,0,0
2,2,5,2,2,2,2,2,2,2,2,2,7,46,5,4,6
2,2,3,1,2,2,2,1,2,1,2,2,3,40,2,0,4
5,5,4,2,3,4,5,3,2,1,2,5,3,28,1,0,9
7,6,2,2,2,2,5,2,2,2,2,1,4,24,0,0,0
1,1,1,5,1,1,1,1,1,1,1,1,5,48,0,5,1
2,2,1,1,1,2,2,1,1,2,2,2,3,47,2,3,2
5,5,3,2,2,5,6,4,3,2,2,5,5,27,1,3,4
6,6,6,6,5,5,3,2,2,2,6,6,7,43,3,3,4
6,6,7,5,5,5,6,6,6,3,3,7,7,72,1,10,7
5,4,5,5,4,3,5,3,5,5,3,4,2,41,4,2,6
2,3,3,2,2,4,4,4,7,2,4,3,4,29,1,3,5
5,4,3,2,2,2,3,4,3,3,3,4,4,44,0,3,5
6,6,4,2,2,3,2,1,1,1,2,2,5,43,2,0,4
5,5,4,2,6,5,6,3,3,4,4,7,3,29,0,0,0
5,6,2,2,2,1,5,1,1,1,4,1,1,34,0,0,3
1,1,1,1,1,1,2,2,1,2,2,1,5,44,5,2,1
2,2,5,4,3,2,2,2,2,2,2,2,5,37,0,1,3
2,5,2,2,2,4,6,6,5,4,4,4,4,47,0,2,8
4,5,7,1,1,2,1,1,1,1,1,1,5,26,0,4,5
5,2,2,2,2,1,1,1,1,1,1,5,2,39,0,0,3
6,5,5,1,4,1,1,3,3,3,3,1,1,30,1,1,4
1,5,1,1,2,2,2,1,1,1,5,1,2,31,0,1,5
4,1,5,2,1,2,3,1,1,1,1,1,4,23,0,0,0
5,5,1,1,1,1,1,1,1,1,1,1,3,34,0,0,1
5,6,1,1,1,1,2,1,1,1,4,4,2,22,0,1,5
5,3,3,3,3,1,2,6,6,3,2,3,5,47,1,4,4
3,2,5,4,3,4,3,5,5,4,4,3,7,52,4,5,6
5,5,5,5,5,1,1,1,1,1,1,1,4,40,0,0,0
6,6,5,5,3,5,6,6,6,3,5,6,7,35,0,3,6
5,5,5,2,3,4,4,2,2,2,2,2,4,35,0,2,5
4,5,4,3,1,5,1,5,4,4,4,1,2,26,0,0,2
5,5,2,2,3,3,4,5,5,2,2,3,4,36,0,0,6
3,1,1,1,1,1,1,4,1,3,1,4,4,29,0,0,5
2,1,1,1,1,1,1,1,1,1,1,1,4,24,0,1,1
5,5,2,2,2,2,2,2,2,2,2,2,2,56,1,4,3
5,5,4,4,4,4,4,5,3,4,4,4,4,45,3,1,4
1,1,1,1,1,1,6,1,1,1,2,1,5,42,0,0,11
1,1,1,1,1,1,1,1,1,1,1,1,2,16,0,0,0
5,4,2,2,2,3,4,3,2,3,4,4,5,42,3,3,3
5,5,1,1,1,1,1,5,5,2,5,4,1,35,0,1,6
7,7,4,4,5,5,5,5,5,4,4,5,4,44,1,6,6
7,7,4,3,2,1,2,1,1,1,1,1,5,35,0,0,0
6,6,2,2,2,2,2,2,2,2,2,5,5,41,0,4,3
2,5,1,1,1,2,2,2,2,2,2,3,4,33,0,1,6
1,4,1,1,1,4,5,1,1,1,1,1,2,34,0,2,6
1,1,1,1,1,1,1,1,1,1,1,1,8,26,0,0,6
2,4,2,2,1,1,4,4,5,1,1,1,2,35,0,3,9
4,4,4,4,4,4,4,4,4,4,4,4,2,47,1,3,6
6,7,5,3,3,6,6,6,6,2,2,7,8,29,0,1,0
7,7,7,4,7,7,7,4,4,3,3,7,7,68,6,6,8
5,4,6,4,5,4,6,5,5,4,4,5,5,35,1,2,6
2,1,5,4,4,4,4,5,4,3,3,5,3,46,1,7,9
2,2,1,1,1,1,1,1,1,2,2,1,2,30,0,0,5
4,4,4,4,4,4,4,4,4,4,4,4,4,45,6,6,6
2,5,1,1,2,1,2,2,2,2,2,2,2,37,0,0,8
2,5,3,3,3,3,3,2,2,2,2,2,3,60,6,7,6
4,4,3,1,1,1,1,4,4,1,1,1,1,31,0,0,7
5,2,4,2,2,1,5,1,4,4,4,4,5,40,0,2,6
5,5,3,1,1,4,3,4,1,2,4,1,4,25,0,0,0
5,2,1,1,1,1,1,1,1,1,1,1,1,20,0,0,4
5,5,2,2,2,3,5,1,1,1,1,1,4,32,0,0,6
7,6,6,1,1,1,1,1,1,1,1,1,3,42,0,0,0
2,5,5,1,1,1,1,1,1,1,5,1,2,33,0,0,2
1,1,1,1,1,1,1,1,1,1,1,1,7,51,0,1,6
5,5,5,5,6,5,6,5,5,5,5,7,2,56,0,9,7
6,6,1,1,1,1,1,1,1,1,1,1,1,14,0,0,0
5,5,5,6,5,5,5,5,5,5,5,5,3,51,8,7,6
1,1,1,1,1,1,1,1,1,1,1,1,2,41,0,0,2
1,5,1,1,1,1,1,1,1,1,1,1,4,12,0,0,2
4,4,3,4,3,3,4,3,4,4,3,3,2,42,5,4,5
7,6,7,6,5,1,1,4,4,4,4,4,2,49,0,0,6
1,2,2,1,2,1,1,1,1,1,4,1,8,24,0,0,4
1,1,1,1,1,1,1,5,4,2,5,1,1,30,0,4,4
2,2,2,2,2,2,2,2,2,2,2,2,2,63,1,5,8
5,3,4,1,1,1,1,1,1,1,1,1,2,33,0,0,7
6,6,4,4,4,6,7,1,4,4,7,4,2,35,0,0,0
6,6,1,1,1,1,1,2,2,2,4,1,4,44,0,0,2
2,3,4,4,4,2,3,2,2,2,2,2,4,33,0,3,1
6,2,1,1,1,2,6,2,1,1,4,5,2,32,0,0,4
1,4,2,2,4,1,4,1,1,2,4,4,5,37,3,1,3
1,2,2,3,2,1,3,2,3,3,2,2,3,38,2,2,4
5,4,4,2,2,4,4,4,4,4,4,4,4,30,0,1,1
2,2,2,2,2,1,1,1,1,1,1,1,7,31,0,1,3
4,3,5,5,4,5,5,1,5,6,6,5,2,48,0,8,8
6,6,5,4,4,4,4,4,4,4,4,4,7,45,6,6,6
5,5,4,3,3,3,4,2,2,2,2,4,4,36,1,3,6
6,6,6,4,4,7,7,6,7,7,6,7,8,60,5,4,5
5,5,6,6,5,6,6,7,6,6,6,7,5,36,4,8,7
4,5,1,1,1,1,1,1,1,1,1,2,4,24,0,0,3
2,2,5,2,2,2,3,2,5,2,1,3,4,26,1,3,5
6,6,6,6,6,6,6,6,5,6,4,6,8,37,0,0,0
5,5,3,2,1,3,3,5,5,5,3,5,7,36,0,3,4
5,5,4,4,2,4,5,5,5,2,4,4,5,51,5,4,5
4,5,2,2,2,3,3,1,2,2,2,1,4,32,1,2,5
1,1,6,4,1,1,6,1,1,1,1,1,4,56,1,7,6
6,5,4,4,2,2,2,1,1,2,2,4,8,40,3,3,5
4,4,3,3,3,5,5,4,4,4,4,5,4,50,2,3,5
2,4,4,4,2,2,2,5,2,2,2,2,7,36,0,0,2
5,5,4,4,4,2,5,1,1,1,1,2,7,51,5,4,4
1,5,2,2,1,1,1,6,2,1,1,1,5,18,0,0,4
5,6,5,2,2,3,3,2,2,3,5,4,2,53,0,1,1
7,7,7,7,7,6,7,2,2,7,7,7,2,30,0,4,0
1,1,4,3,1,1,1,1,1,1,7,1,5,33,0,1,4
1,1,5,2,1,1,1,1,1,1,7,1,5,32,0,0,5
4,4,4,3,5,4,7,4,4,7,7,7,7,32,2,7,12
2,6,1,1,1,1,1,1,1,1,1,1,5,27,0,1,1
5,6,1,1,1,1,1,1,1,1,1,1,5,49,0,4,6
5,5,7,6,4,7,4,5,4,7,4,4,4,50,7,10,9
6,6,4,4,3,4,4,2,2,2,2,2,2,41,1,4,6
5,7,2,3,5,2,6,5,5,5,5,4,3,47,0,3,3
2,2,3,2,2,2,2,3,3,2,2,2,4,37,1,4,7
6,6,3,1,3,2,2,2,2,2,2,2,5,41,0,1,3
4,5,2,2,2,4,4,4,4,2,2,4,4,40,0,4,12
2,2,2,2,2,2,2,4,4,4,4,4,2,40,0,3,5
2,5,2,2,2,5,1,5,3,4,4,3,2,43,5,5,7
7,7,1,1,1,1,3,1,1,1,1,1,1,43,0,0,0
1,3,1,1,2,1,1,1,1,1,1,1,2,43,0,0,6
6,6,5,2,2,2,2,1,1,1,1,1,2,26,0,0,4
4,4,5,4,4,4,4,4,4,2,4,3,8,40,3,0,0
4,4,5,2,5,7,4,7,7,6,5,6,4,44,1,3,5
2,6,1,1,1,1,1,1,1,1,1,1,4,31,0,0,0
4,4,4,4,4,1,1,1,1,2,2,2,1,52,3,0,1
2,2,2,2,2,2,2,2,2,2,2,2,7,41,0,2,6
1,1,2,2,2,1,1,1,1,1,1,1,4,42,0,0,4
5,5,3,2,2,2,2,5,3,3,3,4,7,39,3,3,4
5,5,2,2,2,2,3,4,4,3,3,4,4,48,2,2,3
6,6,5,4,5,6,5,5,6,4,5,4,3,42,0,0,4
7,4,5,5,5,4,6,4,4,2,6,4,8,41,0,0,5
4,4,4,4,4,4,4,4,4,4,4,7,4,58,6,6,6
6,6,3,1,2,1,1,1,1,1,1,1,4,21,0,0,0
6,6,4,4,4,5,5,2,2,4,5,5,4,52,0,0,0
6,2,1,1,2,3,7,4,1,1,1,4,2,41,1,2,9
7,4,6,4,7,5,7,6,6,2,6,7,5,41,2,5,5
5,6,5,5,4,4,1,3,1,5,7,7,4,53,0,2,2
5,5,1,1,1,1,1,1,1,1,1,1,5,25,1,0,1
5,7,4,2,2,4,3,2,2,2,2,4,4,35,0,3,6
4,4,4,4,4,4,4,4,4,4,4,4,4,51,0,3,6
7,7,7,5,5,4,7,5,5,6,7,5,4,57,0,0,0
1,1,4,2,1,3,6,4,1,1,1,4,4,33,0,5,6
1,1,1,1,1,1,1,1,1,1,1,1,2,48,0,0,6
7,6,7,7,2,3,6,7,7,7,7,7,4,53,1,8,4
7,7,5,4,5,5,7,4,4,4,4,6,4,51,0,4,5
5,5,4,4,5,5,5,4,4,4,5,5,4,36,0,5,3
6,2,3,3,3,3,2,2,2,4,4,7,4,41,0,9,5
4,4,4,4,4,1,1,4,4,4,4,2,3,35,0,3,1
7,7,7,7,7,7,4,7,7,6,6,7,7,71,8,12,8
4,2,2,1,2,1,1,1,1,1,1,1,3,16,0,4,4
5,3,4,2,1,1,1,1,5,1,1,1,7,37,0,2,5
2,2,5,1,1,1,1,1,1,1,1,1,4,15,1,0,5
6,6,1,1,1,1,1,1,1,1,1,1,1,38,2,0,0
4,5,2,2,2,2,3,2,1,5,2,2,4,44,0,4,6
4,4,5,4,4,4,5,4,4,4,4,5,5,39,1,3,3
7,7,5,6,7,6,5,6,7,5,6,7,7,32,2,3,9
4,7,6,3,5,6,7,7,7,7,7,7,4,66,1,11,12
3,5,2,1,1,2,2,2,2,1,2,1,2,28,0,0,2
6,5,5,3,4,2,3,1,1,1,1,2,4,43,0,2,6
5,5,5,2,3,5,3,2,5,2,2,4,4,38,0,1,8
1,5,4,2,2,2,3,2,4,3,4,2,2,16,0,0,6
4,2,4,2,1,1,1,2,2,1,1,2,5,50,0,1,6
6,6,4,4,4,5,5,5,5,4,5,4,4,39,0,4,6
2,4,1,1,1,1,1,1,1,1,1,1,4,24,0,0,0
4,5,4,4,4,5,7,6,6,6,4,4,4,25,4,8,6
3,5,1,1,1,1,5,1,1,1,1,1,5,27,0,5,7
5,2,4,2,4,2,4,2,2,2,2,2,2,26,0,0,5
5,2,4,2,2,2,2,2,2,2,2,2,3,29,3,3,3
6,5,2,1,1,4,1,3,3,4,3,2,3,43,0,1,4
4,5,4,3,4,2,5,4,4,4,4,4,1,38,3,0,3
5,6,4,3,3,5,4,4,4,4,4,3,2,50,0,5,11
5,4,3,3,2,3,4,4,4,4,4,2,2,28,0,0,0
5,5,2,2,2,2,2,1,1,1,1,5,5,50,2,7,9
6,5,5,3,3,2,4,4,4,2,3,3,7,3,0,0,5
7,7,7,7,7,6,4,5,3,6,6,7,7,45,2,11,8
4,4,5,4,5,5,5,4,5,4,4,5,4,48,7,8,8
7,7,7,6,7,7,6,7,7,7,7,7,8,72,4,11,5
5,5,3,3,2,2,5,2,2,3,5,3,2,39,2,4,3
1,2,1,1,1,2,2,2,2,2,2,2,3,31,0,4,2
1,1,1,1,1,1,1,1,1,1,1,1,4,49,0,4,6
7,7,4,4,7,7,4,5,4,4,4,4,2,49,2,0,0
5,5,3,2,3,2,2,3,2,2,5,2,2,35,3,3,3
6,7,3,2,3,2,2,1,1,1,1,1,1,30,0,0,2
5,5,2,2,2,4,4,4,4,5,4,1,5,41,0,1,0
5,6,5,5,5,4,5,2,2,2,6,3,7,35,0,1,7
4,4,5,3,3,4,4,5,5,3,3,3,2,35,3,3,3
6,5,2,2,2,2,2,2,2,2,2,2,4,49,3,3,3
4,5,2,2,2,2,2,2,2,2,2,2,2,35,0,3,5
2,2,5,4,5,5,6,1,1,1,2,6,8,55,3,12,9
4,4,4,1,1,1,1,1,1,1,1,1,2,39,0,3,4
7,7,2,1,5,1,1,1,5,5,5,1,5,12,0,0,0
4,4,5,4,4,4,5,6,6,6,6,4,4,45,3,4,6
2,2,2,3,5,2,6,6,3,5,1,2,2,23,0,5,6
6,6,3,2,2,2,2,2,2,2,2,2,1,20,0,2,2
3,3,5,3,3,3,5,5,5,3,5,3,2,36,0,1,6
5,4,4,3,4,2,4,1,1,1,1,1,2,33,0,0,0
4,4,4,4,4,4,4,4,4,4,4,4,5,40,6,6,6
3,3,6,5,5,4,5,6,5,2,2,7,8,66,6,11,9
5,4,5,3,4,3,3,4,4,4,4,4,4,42,1,3,6
5,4,2,1,1,1,3,1,1,1,1,1,2,29,0,0,2
4,5,6,5,2,5,4,4,4,5,5,6,5,56,0,5,6
4,4,1,1,1,1,1,1,1,1,1,1,4,18,0,0,2
5,3,3,1,1,1,1,1,1,1,1,1,3,35,0,0,5
7,7,3,2,5,6,3,7,7,7,7,7,3,52,0,4,6
7,7,3,3,3,3,3,1,1,1,1,5,5,35,1,1,6
3,4,4,4,4,4,4,4,4,4,4,4,5,71,4,8,6
5,5,4,3,3,2,3,2,2,2,2,2,7,40,0,5,5
7,7,6,5,6,5,6,6,6,6,6,4,2,44,3,7,5
1,2,3,1,2,1,1,1,1,1,1,1,7,39,0,0,0
7,7,1,1,1,5,7,5,5,1,1,7,3,40,4,0,0
5,4,5,5,4,2,2,2,2,2,2,2,4,40,3,3,3
5,3,1,1,1,3,5,1,1,1,1,1,3,41,0,1,6
1,1,2,1,3,1,2,4,4,1,6,2,8,35,0,2,5
5,4,3,2,1,2,5,4,4,3,4,3,5,25,0,1,2
5,5,4,2,2,1,1,1,1,1,1,1,2,44,0,0,2
6,6,4,2,4,1,1,4,4,4,4,2,4,39,0,1,7
7,6,6,4,4,6,7,7,7,4,5,7,4,50,1,4,4
4,4,4,4,4,4,4,4,4,4,4,4,7,48,5,5,6
5,5,2,2,2,2,2,2,4,3,4,4,4,41,0,1,3
5,5,4,4,5,1,1,4,4,3,3,1,7,50,0,3,4
5,4,5,4,2,1,2,5,4,5,5,4,4,37,0,0,4
5,4,1,1,1,1,1,1,1,1,5,1,2,41,0,0,4
6,6,6,4,4,6,6,7,7,4,5,6,7,31,1,4,5
5,4,2,2,2,4,5,2,2,2,2,4,7,29,2,3,4
7,7,5,4,5,3,5,2,2,2,2,5,4,38,0,1,5
7,7,1,1,1,5,7,2,2,2,2,1,5,49,0,3,6
3,5,4,3,2,2,2,2,2,2,2,2,2,53,0,2,7
3,3,3,3,3,3,5,4,4,4,4,3,7,33,0,3,5
5,5,5,2,2,2,2,2,2,2,2,2,7,34,3,3,4
5,3,3,3,3,3,3,3,3,3,3,3,5,39,1,3,4
1,1,2,1,1,1,1,1,1,1,1,1,5,51,0,6,6
6,6,1,1,2,1,1,1,1,3,6,1,7,27,0,0,1
1,1,1,1,1,1,2,4,4,4,3,6,3,43,0,1,3
5,5,5,4,4,6,6,6,6,1,1,6,7,38,0,3,5
6,3,4,2,2,2,2,2,2,2,2,2,1,43,0,1,6
3,1,1,1,4,5,4,3,4,1,5,1,2,29,0,0,9
6,5,2,1,1,4,3,4,3,3,3,4,4,37,0,0,2
2,2,2,2,2,2,2,2,2,2,2,2,2,37,0,2,6
3,1,5,2,1,2,2,2,2,4,4,4,7,21,0,4,10
5,5,5,3,2,2,2,2,2,2,2,2,4,38,3,3,3
6,6,4,4,4,4,4,4,4,4,4,6,4,40,2,8,6
3,2,1,1,1,1,1,1,1,1,1,1,4,33,3,1,6
5,5,3,2,2,3,5,5,5,2,1,4,3,27,0,4,9
5,5,6,3,5,1,6,1,1,1,1,2,4,38,0,5,4
7,7,7,7,7,7,7,7,7,7,7,7,2,64,6,9,12
7,7,4,4,4,4,4,2,2,2,2,5,4,41,0,5,3
6,6,2,1,2,1,2,3,5,1,1,2,7,31,1,1,1
1,1,1,1,1,1,1,1,1,1,1,1,2,25,0,0,0
2,5,5,1,1,1,1,1,1,1,1,1,4,19,0,4,0
7,6,7,6,6,6,6,6,5,5,5,7,7,24,7,9,11
6,6,5,4,4,5,4,4,4,4,6,7,7,38,0,0,3
2,2,2,2,2,2,2,2,1,1,1,1,2,22,0,0,4
6,4,4,2,2,1,1,1,1,1,1,1,8,32,2,4,5
4,5,4,2,2,2,1,4,4,1,1,5,1,33,0,0,4
5,5,2,1,1,1,1,5,4,4,4,1,4,43,0,0,4
5,5,4,2,2,2,2,2,2,1,1,1,5,38,0,0,0
2,2,3,1,1,3,2,1,1,1,1,1,2,24,0,0,2
6,6,5,2,2,1,6,4,4,4,4,4,4,36,0,4,6
7,7,6,5,5,6,7,3,3,2,5,7,7,41,5,9,7
2,5,4,4,3,6,6,4,4,7,7,7,8,65,6,9,8
5,5,4,2,2,2,2,2,2,2,2,2,3,30,3,1,4
2,5,6,2,2,2,3,2,2,2,2,4,4,42,1,0,5
6,5,2,2,2,3,3,3,3,5,5,2,3,28,2,0,2
1,1,2,2,2,1,1,2,2,2,1,1,4,54,0,3,9
7,6,6,5,4,4,5,1,1,1,1,2,7,40,6,7,5
5,6,3,3,1,1,5,2,2,1,2,7,4,61,5,12,12
5,5,2,2,2,2,2,2,2,2,3,2,3,38,1,0,5
3,3,4,2,2,1,2,2,2,2,2,2,2,30,0,0,5
5,6,5,3,4,3,5,6,6,5,5,5,3,35,2,7,6
2,2,2,2,2,2,2,2,2,2,2,2,4,42,0,3,6
7,7,3,2,3,7,6,2,2,3,2,3,3,38,2,3,7
7,7,4,4,3,4,5,4,4,3,3,4,2,38,0,1,6
5,5,5,4,2,4,4,6,5,5,5,4,7,31,0,1,0
2,4,4,4,3,2,2,4,4,2,2,5,4,15,1,3,5
5,5,5,5,5,5,5,4,4,4,4,5,4,48,5,8,6
4,4,1,1,1,1,5,1,1,1,1,1,2,24,4,0,5
7,7,7,7,7,7,7,7,7,7,7,7,8,58,3,12,11
7,6,6,4,2,2,6,2,2,2,2,2,4,54,1,4,3
4,5,5,2,3,6,6,5,5,4,4,4,4,43,1,3,6
6,2,5,5,2,5,2,2,2,2,2,1,4,52,0,1,0
1,1,1,4,4,4,4,4,4,4,4,4,4,44,3,3,5
4,5,4,1,1,1,1,1,1,3,2,1,4,49,0,0,5
3,3,6,1,1,1,2,2,2,1,1,1,4,39,0,0,0
6,6,5,3,5,5,6,6,6,4,2,3,8,34,3,6,9
7,6,4,4,5,1,6,1,1,1,1,3,2,63,0,4,11
6,6,4,5,5,4,5,1,1,1,1,6,2,33,3,10,9
7,7,1,1,1,5,5,1,1,1,1,1,3,42,0,0,2
7,5,7,7,7,7,7,7,7,7,7,7,8,70,6,12,10
7,6,7,7,6,4,7,6,6,6,6,6,4,36,3,4,6
5,4,5,2,2,1,1,4,3,3,3,2,4,22,4,0,1
5,5,4,2,2,4,2,4,2,2,4,3,4,34,0,4,5
5,4,5,1,1,1,1,1,1,1,7,1,2,42,0,0,2
6,7,4,5,4,7,7,7,7,7,6,7,3,46,4,10,7
6,6,6,2,2,1,1,1,1,1,1,1,8,36,0,1,0
6,5,7,6,6,7,6,7,6,4,6,7,8,54,1,8,4
1,1,1,1,1,1,1,1,1,1,1,1,4,18,0,4,3
4,5,4,3,3,1,1,1,1,1,1,1,7,35,0,0,0
5,3,3,3,3,4,3,3,3,5,5,3,7,31,3,9,8
6,5,2,3,2,5,3,2,1,4,6,7,4,56,3,7,7
2,2,1,1,1,1,1,1,1,1,1,1,3,39,0,0,0
7,5,2,1,2,5,7,7,7,3,4,4,4,40,2,0,1
7,7,5,5,7,5,5,5,5,5,6,7,4,48,3,3,3
1,1,1,1,1,1,1,1,1,1,1,1,2,30,0,0,4
6,6,5,3,6,6,2,7,6,7,7,7,3,41,0,5,8
7,7,6,6,6,5,6,1,1,1,5,7,7,58,1,7,0
5,5,2,2,2,2,5,2,2,2,2,2,5,26,0,0,2
5,1,2,2,2,3,4,1,1,1,3,4,4,35,0,2,8
7,6,6,6,6,4,5,4,4,5,6,6,8,64,4,9,6
2,5,3,2,2,2,2,5,4,2,4,2,2,25,0,0,1
1,1,1,1,1,1,2,2,2,2,4,1,2,37,0,0,3
6,6,7,7,6,4,4,4,4,4,4,6,7,59,3,8,6
6,6,2,2,2,1,1,6,6,1,1,1,2,21,0,0,6
5,6,5,5,5,4,4,2,2,1,3,4,4,39,4,4,6
4,4,5,5,6,5,6,4,4,6,6,5,2,45,8,8,9
3,3,3,3,3,2,2,2,2,2,2,2,5,40,3,3,5
6,7,6,5,6,6,7,4,4,7,5,7,4,46,0,0,1
4,1,4,1,1,4,4,1,1,1,5,1,4,29,0,0,6
6,7,6,4,4,2,4,4,4,4,4,1,7,47,0,0,0
6,5,3,3,4,3,3,4,4,4,4,4,4,43,0,1,5
5,4,2,1,4,1,5,2,1,1,2,1,2,43,0,5,4
5,3,2,3,4,5,5,5,5,3,5,5,7,33,2,5,9
4,2,2,2,2,2,2,1,1,2,1,1,5,63,0,5,2
5,2,2,1,1,1,1,1,1,1,1,1,2,38,0,0,7
5,4,6,4,1,5,7,1,1,1,4,6,7,26,0,3,5
4,5,2,2,2,3,4,2,2,2,4,4,2,36,0,1,6
4,4,4,3,3,2,2,2,2,2,2,2,1,27,1,3,5
1,1,1,1,1,1,1,1,1,1,1,1,4,31,0,0,0
1,1,1,1,1,1,1,1,1,1,1,1,1,15,0,0,1
5,4,4,4,4,4,4,4,4,4,4,4,2,49,3,7,6
7,6,7,7,6,6,6,2,2,1,2,6,4,41,0,3,3
1,1,1,1,2,1,1,5,7,1,4,1,7,35,0,0,0
2,2,1,1,2,2,2,1,1,1,1,2,5,37,3,2,5
6,5,2,2,3,2,2,1,1,1,1,1,7,45,0,4,6
5,6,3,3,3,2,5,5,5,3,3,3,2,40,0,0,3
5,6,3,2,4,2,3,5,5,2,2,5,2,46,0,4,6
5,5,4,3,3,4,5,6,6,2,4,5,2,31,3,3,3
4,4,5,5,5,5,4,4,4,4,4,4,4,53,9,8,9
6,6,5,3,3,2,4,5,5,2,4,2,7,46,0,1,4
5,3,5,3,4,2,2,2,2,2,2,2,4,41,1,3,3
6,6,7,2,2,6,5,2,2,5,5,4,4,30,0,0,0
5,5,4,3,4,5,6,4,5,3,3,6,3,30,0,4,4
5,5,3,3,3,3,3,3,3,3,3,3,3,40,3,3,3
2,2,6,4,6,1,1,1,1,1,1,1,2,57,0,3,6
5,5,1,1,1,1,5,1,1,5,2,2,2,45,0,0,0
1,1,1,1,1,1,1,3,2,1,5,4,2,20,0,4,12
1,1,5,5,3,1,1,1,1,1,1,1,4,22,0,0,0
6,4,3,3,3,5,3,3,3,3,3,3,5,45,3,5,9
4,4,4,4,4,4,5,4,4,4,4,4,3,29,1,3,6
2,3,2,2,3,2,2,2,2,2,2,2,2,31,6,4,6
4,1,4,4,1,4,4,4,4,4,4,4,2,24,0,1,4
5,4,2,2,2,2,2,2,2,2,2,2,1,21,0,0,0
7,7,5,4,4,4,4,4,4,1,1,4,4,34,0,0,6
6,6,5,3,4,4,5,3,3,3,4,4,3,53,3,4,6
2,2,2,1,1,1,1,1,1,1,1,1,5,26,0,0,5
5,2,2,1,1,1,5,2,1,1,1,3,2,26,0,0,4
4,2,1,1,1,1,1,1,1,1,1,1,7,44,0,0,0
7,7,7,5,7,6,7,6,5,5,7,7,7,25,0,3,8
1,2,2,2,2,2,2,2,2,2,2,2,2,48,9,9,9
4,3,3,3,3,3,3,1,1,1,1,1,4,34,0,6,5
7,7,7,7,7,7,7,6,4,4,7,7,7,72,4,11,9
6,7,7,6,4,4,4,4,4,4,4,5,7,53,5,6,4
5,6,5,5,5,3,3,1,1,1,4,5,2,26,0,2,1
5,5,1,1,4,1,1,1,1,1,1,1,2,33,0,0,3
1,1,2,2,2,1,1,4,4,4,4,4,7,34,0,0,4
7,7,1,1,1,1,1,1,1,1,1,4,7,36,0,0,6
1,1,1,1,1,1,1,1,1,1,1,1,2,46,0,0,2
4,3,2,6,4,4,5,2,2,2,2,4,3,45,0,0,0
5,5,1,1,1,1,1,1,1,1,1,1,2,52,0,0,0
5,5,2,2,2,1,5,2,2,2,2,4,2,41,2,3,3
5,5,4,2,2,3,3,5,2,2,2,2,5,34,2,3,4
2,5,4,1,2,1,2,1,1,1,1,1,2,26,0,1,5
2,2,4,1,2,3,5,6,6,6,6,2,3,15,0,0,6
1,5,5,3,3,3,3,3,3,3,3,7,4,33,3,3,5
5,6,6,2,2,4,5,6,4,2,2,4,2,37,0,1,7
6,7,2,2,2,2,5,4,4,2,4,2,4,28,0,0,7
1,1,4,1,1,1,1,1,1,1,1,1,4,32,0,0,0
1,1,2,1,1,1,4,4,4,1,1,1,1,21,0,0,4
6,6,6,4,4,4,4,4,4,4,4,6,8,56,1,4,3
5,4,1,1,1,2,2,1,2,2,5,2,7,39,0,3,5
7,7,4,4,6,2,5,4,4,4,4,4,4,55,3,7,6
2,2,5,4,2,1,1,1,1,1,1,1,3,37,0,3,8
5,5,4,2,2,3,2,6,6,5,4,6,4,30,0,5,7
5,5,4,4,5,2,5,4,4,2,4,2,4,52,0,1,5
6,5,4,4,4,5,3,2,2,5,4,5,4,39,0,5,9
2,1,1,1,1,1,1,1,1,1,1,1,2,37,0,0,1
5,5,5,3,3,4,6,5,5,2,3,5,4,49,1,6,8
2,2,2,2,1,2,5,1,1,1,1,2,2,32,1,4,5
2,3,7,1,1,2,5,5,5,3,5,4,2,47,0,1,6
3,1,1,1,3,1,1,1,1,1,1,1,2,24,0,0,8
5,5,4,2,2,2,5,4,5,2,2,2,2,21,0,0,4
4,3,3,2,2,2,2,2,2,2,2,2,7,32,0,1,7
5,7,6,2,4,3,5,4,3,2,3,2,8,28,0,2,7
7,6,2,6,5,6,6,6,6,6,6,7,4,36,3,10,7
6,5,6,5,2,5,5,6,6,6,2,6,3,12,0,4,7
2,2,2,2,2,2,2,2,2,2,2,2,4,34,0,4,0
5,5,5,5,5,3,3,5,5,5,5,5,4,39,3,3,3
6,7,5,2,2,2,2,2,2,2,2,2,2,30,0,0,2
4,7,6,4,6,4,6,6,6,4,6,5,5,67,1,4,7
5,5,4,2,3,5,4,3,3,4,4,4,3,44,3,3,3
4,4,4,4,4,4,4,4,4,4,4,4,2,33,0,0,4
5,5,2,2,2,2,2,1,2,2,2,2,2,42,0,1,3
6,6,6,5,5,5,5,6,6,4,6,6,4,44,3,6,7
5,5,5,4,4,2,2,2,2,2,2,2,5,26,0,8,5
5,6,4,4,4,4,4,4,4,3,4,4,2,43,3,4,5
5,6,5,4,5,3,5,4,4,4,4,5,4,55,1,6,9
6,6,1,1,1,1,1,1,1,1,1,1,2,30,1,1,5
7,5,1,1,2,5,4,5,6,6,6,4,2,30,1,2,0
2,1,1,1,1,1,1,4,1,1,1,1,1,21,0,0,5
1,5,5,3,4,1,1,1,1,1,1,1,3,30,0,0,5
5,4,4,4,3,6,6,5,5,3,3,6,5,49,0,9,8
1,1,1,1,1,1,1,1,1,1,6,1,2,24,0,0,4
5,5,5,1,1,4,4,3,3,3,3,3,4,35,3,0,1
5,4,4,2,2,1,2,2,2,1,2,1,2,27,0,0,0
6,5,4,3,3,5,6,5,4,3,3,4,3,49,4,3,6
1,1,2,2,2,2,2,2,2,2,2,2,3,27,0,0,0
5,5,2,2,2,2,5,1,1,1,2,1,2,34,1,0,2
5,3,1,2,1,1,2,1,1,1,1,1,5,31,0,0,1
2,5,2,2,2,2,6,2,3,2,2,4,1,28,0,0,3
6,7,4,3,5,7,7,5,5,1,3,3,1,46,0,0,0
1,1,1,1,1,1,1,1,1,1,1,3,8,42,0,6,8
5,6,4,3,4,5,6,4,4,2,2,7,4,29,2,3,9
7,5,1,1,2,1,1,1,1,1,1,1,4,34,0,0,0
2,1,5,1,1,1,1,1,1,1,1,1,1,20,0,0,0
4,4,5,5,5,3,3,3,3,3,3,3,2,45,3,3,3
5,5,4,3,3,2,4,2,2,2,4,4,4,40,0,1,2
6,5,6,5,6,5,3,6,6,6,5,3,7,19,0,0,0
5,1,1,1,2,1,1,1,1,1,1,1,1,19,0,0,3
3,3,2,2,2,2,5,2,1,1,1,1,7,21,0,5,5
6,4,5,5,5,6,7,5,5,5,5,5,4,60,1,8,7
6,5,5,4,4,2,2,1,1,1,1,1,2,40,0,0,0
7,7,5,7,6,4,4,4,4,4,4,4,8,27,6,6,6
5,4,3,3,3,1,1,1,1,1,1,1,2,32,0,0,6
5,5,2,2,2,1,5,4,4,2,5,3,4,30,1,0,4
5,6,6,3,3,3,3,3,3,3,3,3,2,38,3,3,3
7,7,6,6,7,7,7,6,6,3,4,5,4,42,3,3,4
5,5,5,4,5,5,5,3,2,2,2,2,2,58,0,7,5
6,6,6,7,6,5,6,6,6,6,6,4,8,72,1,9,9
5,5,4,1,1,1,1,1,1,1,1,1,4,18,0,0,0
3,3,3,3,3,4,5,5,5,5,5,5,2,35,0,3,7
1,1,1,1,1,1,1,1,1,1,1,1,4,26,0,0,3
5,3,1,1,5,1,1,1,1,1,1,1,4,42,3,3,3
6,7,3,3,3,4,5,4,3,3,3,3,4,21,0,0,6
3,4,3,3,5,3,3,2,2,2,2,2,7,33,4,3,7
7,7,4,4,4,4,4,1,1,4,4,1,4,48,0,0,6
6,7,7,7,7,7,5,7,7,7,7,7,8,42,0,11,3
6,5,6,4,4,5,6,6,6,6,6,4,2,44,0,0,0
1,1,2,2,4,2,2,6,6,2,2,1,7,63,0,0,9
5,5,2,2,2,2,2,2,2,2,2,1,1,30,0,1,6
4,5,4,4,2,1,4,4,4,2,3,3,5,36,1,4,6
7,7,6,6,6,6,5,4,4,4,4,7,1,69,5,11,11
6,7,6,6,5,2,6,6,6,2,4,2,3,32,0,0,0
1,5,5,1,2,1,2,6,6,1,1,2,2,26,0,5,8
1,1,1,1,1,1,1,1,1,1,1,1,3,27,0,0,2
6,4,6,4,4,4,5,2,2,4,4,5,4,38,4,4,6
4,5,4,3,3,3,4,3,4,4,4,6,4,49,1,6,5
5,2,2,2,4,2,3,2,2,1,1,2,3,25,1,5,6
2,2,2,2,2,2,6,1,1,1,1,1,8,30,0,0,0
6,7,6,4,6,5,4,4,4,4,5,5,4,41,1,4,6
5,5,2,1,1,1,2,2,2,1,1,1,1,28,0,0,0
6,5,7,5,4,2,4,5,5,5,5,3,8,44,0,4,6
7,7,7,7,7,7,7,7,7,7,7,7,7,28,1,12,12
2,2,2,2,2,2,2,2,2,2,2,2,7,26,0,0,0
2,2,2,1,1,1,1,1,1,1,1,1,3,31,1,4,2
4,3,5,5,3,4,1,1,1,1,1,4,7,70,0,6,2
5,5,2,1,4,5,4,4,4,1,1,1,4,34,1,0,8
7,7,5,5,6,5,7,6,6,6,6,7,4,49,3,9,6
5,5,2,2,2,1,5,2,2,1,1,2,5,33,0,0,4
4,4,5,2,2,1,2,4,4,1,4,2,2,28,0,0,6
6,4,3,4,2,3,2,4,3,3,3,3,1,42,5,0,6
1,1,1,1,1,2,4,1,1,1,1,1,4,19,0,0,4
2,5,1,1,1,1,1,5,4,1,1,1,8,36,0,1,7
4,4,4,4,5,3,4,3,3,4,4,2,4,35,0,5,0
5,6,1,1,2,1,1,5,1,5,5,4,2,21,3,0,3
4,5,3,3,4,7,7,7,7,7,7,7,2,51,6,1,2
6,6,7,4,4,5,2,2,2,2,2,1,3,45,0,0,0
7,7,7,5,5,7,7,7,7,5,6,7,7,28,1,10,6
2,2,3,2,4,2,3,2,2,3,2,3,2,56,4,4,4
5,4,3,2,2,1,1,2,2,2,2,1,2,43,3,0,1
3,2,6,2,3,3,6,6,4,4,4,5,7,35,1,4,9
7,7,4,1,1,4,1,1,1,1,1,7,2,25,0,6,9
5,5,1,1,1,2,2,2,2,2,2,2,7,21,0,3,3
1,2,6,1,2,1,3,4,4,2,2,2,2,30,0,0,1
2,5,4,2,2,4,4,5,4,3,5,4,7,32,2,7,7
1,1,1,1,1,1,1,1,1,1,5,1,5,23,0,0,5
7,6,2,2,2,6,5,1,4,1,1,2,3,27,0,0,2
4,4,5,5,5,3,4,4,4,4,5,5,4,55,2,1,3
5,5,6,7,3,3,1,3,3,3,4,1,1,38,0,0,0
1,1,5,1,1,1,1,7,7,1,4,7,8,22,5,2,6
1,1,1,1,1,1,1,1,1,1,1,7,2,28,0,1,5
4,4,2,2,4,4,4,2,2,2,2,2,2,41,1,1,5
3,5,6,4,1,1,1,1,1,1,1,5,7,19,0,1,1
5,5,4,2,2,4,4,3,4,2,4,4,7,32,1,2,6
5,1,1,1,1,1,6,1,1,1,1,1,3,27,0,0,1
1,1,1,7,1,1,7,1,1,1,1,7,3,14,0,5,10
4,6,4,2,2,4,5,4,4,4,4,4,4,31,0,0,0
5,5,5,4,6,3,3,2,2,2,4,2,7,46,0,3,8
1,1,2,1,1,1,1,2,2,1,2,1,8,26,0,0,5
3,5,1,1,1,1,4,1,1,3,5,1,2,35,0,1,6
3,5,3,2,3,3,5,4,4,3,5,4,3,30,1,5,6
5,5,7,4,5,4,5,5,5,4,5,7,8,63,6,9,8
4,5,1,3,1,1,1,2,1,1,2,1,3,45,0,4,2
5,4,4,2,2,4,4,3,3,3,3,3,2,18,0,0,0
2,2,1,1,1,1,1,2,3,3,4,1,1,13,0,0,0
3,1,1,1,1,1,5,1,1,1,1,1,4,27,4,0,7
6,5,5,6,5,5,6,6,5,6,7,6,4,49,10,10,11
2,4,3,2,2,2,2,3,3,5,5,5,8,27,0,3,5
3,5,4,5,3,3,4,4,5,3,4,5,2,44,6,6,7
4,4,4,4,4,4,4,4,4,4,4,4,7,19,0,5,6
2,3,1,2,2,1,1,1,2,2,1,1,4,42,0,1,5
2,2,1,1,2,1,1,1,1,1,1,1,4,23,0,0,2
6,4,5,4,4,4,4,2,2,2,4,1,2,34,0,3,5
2,1,1,1,1,1,1,7,7,1,4,1,5,30,0,0,6
1,4,2,1,1,4,5,1,1,1,5,1,1,27,0,0,5
7,7,7,7,7,1,1,1,1,1,1,1,5,38,5,6,5
6,6,6,4,5,6,5,6,6,4,5,7,7,27,5,8,6
1,1,1,1,1,1,2,1,1,1,1,1,4,43,3,4,6
2,2,3,3,2,1,2,2,2,2,4,2,4,29,0,1,6
5,2,2,2,2,2,5,2,2,2,5,1,3,40,0,0,5
6,6,6,4,4,2,2,2,2,2,2,2,1,29,0,5,5
4,3,3,2,3,4,4,4,5,4,4,4,2,34,0,5,4
7,7,7,7,4,7,7,4,4,7,7,7,4,71,7,12,12
6,6,3,1,1,1,1,1,1,5,4,1,8,68,0,7,0
1,1,1,1,1,1,1,1,1,1,4,1,4,29,0,1,5
3,2,2,2,2,1,4,2,2,2,2,2,3,39,0,0,5
6,5,1,1,1,1,1,2,2,2,2,1,7,22,0,4,0
4,5,5,3,2,2,2,2,2,2,2,2,2,31,0,0,0
7,7,5,5,5,2,6,2,2,2,2,5,4,47,0,0,3
5,5,4,2,2,1,1,4,4,2,2,2,3,24,0,0,6
7,7,6,6,4,7,6,7,7,7,7,7,7,32,1,9,6
5,6,4,7,1,6,2,2,2,2,4,4,5,50,0,5,6
5,5,1,1,2,2,1,1,1,1,1,1,5,32,0,0,2
4,3,3,1,2,1,1,1,1,1,1,1,4,38,0,1,6
2,3,1,1,2,2,2,4,3,2,2,1,4,27,0,0,4
7,7,6,6,6,4,5,1,1,1,1,5,2,31,7,7,8
2,1,2,1,1,1,1,1,1,1,1,1,2,21,0,0,6
2,2,1,1,2,1,1,1,1,1,1,1,2,28,4,0,4
1,5,1,1,1,1,1,6,4,5,4,7,4,28,0,6,4
1,3,3,1,1,2,2,1,1,1,1,1,2,34,0,0,4
5,7,4,1,1,1,1,3,5,4,5,1,8,39,0,4,6
1,1,5,1,1,1,1,2,2,2,2,1,4,27,0,0,6
4,3,3,2,2,2,2,2,2,2,2,2,2,54,3,0,8
1,1,5,2,2,1,2,1,1,1,1,1,7,38,0,0,2
5,5,4,3,3,1,5,1,1,1,1,1,7,36,0,0,5
5,5,3,2,2,3,4,2,2,2,2,3,4,42,0,0,0
1,1,2,2,2,5,4,3,3,5,5,4,7,60,2,2,7
5,3,5,1,1,1,1,1,1,1,1,1,4,27,0,0,5
1,2,4,2,1,1,2,2,2,2,2,4,2,34,1,2,7
5,4,2,2,2,1,1,1,1,1,1,1,4,51,0,2,5
2,2,2,2,2,2,5,4,3,2,2,2,2,28,1,2,7
3,4,5,4,3,1,3,3,1,4,4,2,4,32,0,4,5
2,2,2,1,2,1,1,1,1,1,1,1,1,33,0,0,4
1,1,2,1,1,1,1,1,1,1,1,1,4,21,0,1,4
3,4,1,1,1,1,1,1,1,1,1,1,2,32,0,0,0
5,5,5,3,3,6,3,1,2,2,2,3,3,48,0,0,8
1,1,1,1,1,1,1,1,1,1,1,1,7,26,0,0,4
7,7,7,7,7,6,7,7,7,7,7,7,4,72,4,12,12
6,6,3,2,3,2,2,5,5,2,2,2,2,32,0,0,0
2,4,6,3,4,2,3,4,2,2,2,4,4,49,0,1,4
2,2,1,1,1,1,4,1,1,1,1,1,2,26,0,7,5
5,4,1,2,1,1,7,1,1,1,1,1,1,29,0,0,0
1,1,1,1,1,1,1,1,1,1,1,1,1,36,0,0,12
5,5,1,1,1,1,1,1,1,1,1,1,1,33,0,0,2
3,6,5,4,2,5,6,4,4,5,5,6,7,36,2,5,6
5,4,1,1,1,1,5,1,1,1,1,1,7,17,0,4,1
5,5,4,4,4,5,4,4,3,4,4,4,5,37,6,7,6
4,2,3,1,1,2,1,1,1,1,1,1,5,39,0,0,2
7,7,7,2,5,1,1,1,1,1,1,1,4,52,0,0,0
2,5,5,3,2,2,3,2,5,5,6,2,2,30,0,1,5
1,1,1,1,1,2,2,1,1,1,1,1,2,38,1,0,3
6,5,6,4,4,2,5,5,5,5,4,2,2,29,0,1,6
5,7,2,2,2,5,5,2,2,1,1,1,4,28,0,1,6
5,5,4,2,2,2,2,1,1,1,1,1,2,37,0,1,5
6,5,5,4,4,3,5,5,4,4,5,4,5,33,0,3,2
1,2,1,1,2,1,1,1,1,1,1,1,1,24,0,4,3
7,7,4,3,3,3,3,3,3,3,3,3,5,31,0,5,6
1,1,1,1,1,1,2,1,1,1,1,1,2,20,0,0,5
6,4,4,2,2,4,4,2,2,2,4,5,4,37,3,4,6
5,5,4,4,4,6,5,4,4,4,4,4,4,42,2,7,6
7,6,6,6,6,6,6,4,4,5,6,6,7,46,0,1,0
5,3,5,4,2,3,3,2,6,4,4,5,2,32,0,0,3
6,4,7,6,1,7,7,7,7,1,1,7,7,56,12,8,12
6,6,1,1,1,1,1,1,1,1,1,1,2,54,8,0,4
7,7,5,4,5,6,6,5,5,5,5,5,4,45,6,5,9
6,5,2,2,2,1,2,4,4,7,7,1,1,32,0,0,3
5,5,6,2,1,5,5,5,5,4,5,4,7,24,0,3,3
5,4,7,2,2,1,1,1,1,1,4,2,4,26,0,1,3
5,4,2,1,1,1,1,5,4,2,1,1,2,36,0,0,2
5,2,1,1,1,1,1,1,1,1,1,1,7,44,4,6,6
6,1,1,1,1,1,1,1,1,1,1,7,8,46,0,3,0
5,6,4,3,2,1,4,1,5,2,4,2,2,27,0,0,6
2,5,2,1,2,1,1,7,6,1,6,1,4,36,0,1,0
7,7,6,5,2,5,5,7,7,7,7,7,5,30,1,4,7
4,5,3,2,2,4,3,2,4,4,4,2,7,58,3,1,1
5,2,2,2,2,2,2,4,4,2,4,4,5,31,1,8,6
5,4,4,3,1,2,6,5,3,2,2,6,4,29,0,0,0
1,1,1,1,1,1,2,4,4,4,4,1,4,46,0,4,0
2,3,2,1,1,1,1,1,1,1,1,1,4,26,0,0,0
6,5,2,1,2,1,4,2,2,1,3,2,1,34,1,0,3
5,3,6,2,3,5,6,5,5,3,3,2,5,38,1,2,5
4,4,4,4,4,4,4,4,4,4,4,4,4,44,6,6,6
3,4,5,4,2,2,3,5,3,4,3,5,4,42,1,4,6
5,5,5,4,2,1,1,1,1,1,1,1,4,29,0,1,2
5,5,5,3,2,4,3,5,4,4,4,5,7,33,0,5,6
1,1,1,1,1,1,5,1,1,1,1,5,5,38,1,1,6
5,3,3,2,2,4,3,3,3,3,3,3,5,36,3,3,5
2,2,1,2,2,2,2,1,1,1,1,1,3,33,0,0,6
7,7,3,3,5,2,6,7,6,6,6,6,4,31,0,1,9
2,1,3,2,2,2,2,5,6,2,2,4,5,33,2,4,9
5,5,3,5,4,4,4,1,1,1,1,4,8,47,3,6,5
6,4,4,3,2,4,5,2,2,1,1,1,2,31,1,0,3
7,7,7,7,1,7,7,7,7,4,7,7,8,42,10,12,10
4,6,4,4,2,1,1,1,1,4,4,4,7,18,0,11,6
7,7,7,7,7,7,7,4,4,4,7,7,7,23,0,12,12
2,2,6,5,3,3,6,6,6,5,6,6,8,42,3,7,3
1,1,4,6,4,5,5,7,5,4,4,7,5,66,0,11,9
5,4,5,5,4,3,4,5,4,4,4,5,5,28,0,4,0
2,1,1,1,1,1,1,1,1,1,1,1,8,35,3,1,3
6,6,5,3,5,5,5,6,6,5,5,7,7,37,1,7,5
5,2,2,2,2,1,1,1,1,1,1,1,4,41,0,0,4
1,2,1,1,2,2,2,2,1,1,2,2,1,30,0,0,2
6,6,7,6,4,5,6,7,6,6,6,6,3,41,10,10,10
2,2,5,3,2,1,2,1,1,1,4,1,4,37,1,4,5
2,5,2,2,2,2,2,2,2,2,2,1,1,64,0,3,9
2,5,4,1,1,1,1,1,1,1,1,1,5,44,0,0,5
5,5,5,3,5,4,5,5,5,5,5,7,4,28,0,2,4
5,2,5,2,2,1,1,1,1,2,5,4,5,44,0,1,1
1,1,1,1,1,7,1,7,3,7,6,1,8,22,0,0,0
2,2,5,5,2,2,2,2,2,2,2,2,7,36,1,5,6
6,6,6,6,1,5,5,6,4,2,2,6,4,60,3,11,10
5,1,1,1,1,1,1,1,1,1,1,1,5,34,0,0,0
7,7,5,3,4,5,4,7,5,4,5,4,4,58,0,0,6
5,4,3,2,2,3,5,4,4,2,3,5,1,38,3,4,7
1,1,1,2,1,1,1,1,1,1,1,1,5,40,0,3,9
5,4,3,3,3,4,2,2,2,2,2,2,1,33,0,0,0
7,5,7,6,6,7,7,7,7,7,4,7,8,44,4,10,8
1,1,2,1,1,1,1,2,1,1,2,1,7,26,1,2,7
1,1,1,1,1,1,1,5,1,2,5,4,4,51,0,0,4
6,5,5,2,2,2,2,5,5,5,5,5,3,38,6,6,5
3,3,3,2,2,2,2,5,5,4,3,2,3,36,3,3,4
1,1,1,1,1,1,1,1,1,1,5,1,4,45,0,0,4
7,7,7,3,3,7,7,1,1,5,5,1,1,50,0,3,1
7,7,7,7,7,1,1,7,7,1,1,7,8,48,2,5,9
6,6,6,2,3,6,6,5,5,6,6,6,3,30,2,7,5
4,2,1,1,1,1,1,4,4,5,6,4,4,31,0,0,0
5,5,5,4,4,2,2,2,2,2,2,4,4,53,1,7,6
1,1,1,1,1,1,1,1,1,1,2,1,1,32,0,0,6
4,3,2,1,2,1,1,2,2,1,1,1,1,30,0,0,5
7,7,7,7,1,6,7,2,2,6,4,6,7,40,8,10,10
5,5,6,5,5,6,6,6,6,5,6,7,4,34,3,7,7
7,6,6,7,6,1,1,7,7,7,7,7,1,59,0,12,12
1,1,1,1,1,1,1,1,1,1,1,1,7,23,0,0,3
2,5,3,3,1,3,3,3,2,3,3,3,7,45,3,3,2
3,7,6,6,6,4,4,4,4,4,5,6,4,60,5,6,11
5,5,5,3,3,3,5,3,3,3,3,3,7,34,3,3,3
6,7,7,7,7,7,7,4,4,7,7,7,4,72,10,12,12
6,6,5,5,5,5,5,5,5,6,6,5,3,47,9,9,7
5,5,2,1,1,1,1,1,1,1,1,1,4,16,1,3,7
7,7,1,1,1,1,6,1,1,1,1,7,4,53,0,7,6
5,5,2,2,2,2,1,2,5,2,2,1,1,21,0,0,2
5,2,4,1,1,1,4,1,1,1,1,1,2,29,0,0,4
5,5,7,7,7,4,7,7,7,7,7,7,8,51,12,12,12
6,6,6,5,5,5,7,6,6,6,6,7,7,37,3,8,9
6,5,2,2,4,1,3,5,5,2,4,5,2,40,0,1,6
5,3,1,6,7,7,7,7,7,7,7,7,8,41,3,12,2
5,3,3,3,3,2,5,5,5,3,4,4,4,47,2,4,6
5,5,6,3,2,2,4,2,2,2,2,2,7,33,3,8,4
5,2,3,1,1,3,5,4,4,2,2,5,4,33,1,0,6
3,4,4,2,3,2,2,2,2,2,2,3,4,38,0,0,4
7,6,6,5,5,1,5,2,1,5,5,5,7,52,3,9,3
5,5,3,3,3,2,5,3,3,3,3,3,3,25,0,2,6
5,4,5,5,5,5,5,5,5,5,5,7,5,45,2,10,9
4,4,4,2,4,1,1,4,4,4,4,4,7,52,0,6,8
5,5,5,5,5,5,5,5,5,2,2,7,8,72,4,12,12
5,5,4,4,3,3,3,2,2,2,2,2,4,46,2,6,6
7,6,5,4,4,6,6,7,5,6,4,7,5,28,3,6,7
6,6,7,7,7,7,7,7,7,7,7,7,8,26,2,8,6
5,4,2,2,2,2,2,2,1,1,1,1,4,29,2,2,6
2,2,1,1,1,1,1,1,1,1,1,1,4,60,0,0,4
6,6,3,3,3,5,6,2,2,5,5,3,7,39,0,1,2
4,2,2,2,2,2,1,1,1,2,2,1,8,48,0,1,5
3,5,2,1,1,4,6,2,2,2,2,4,7,43,0,1,1
5,5,6,5,5,5,6,6,6,6,5,7,7,48,4,8,7
6,6,6,6,6,6,6,4,4,4,4,4,7,68,6,9,10
6,7,6,4,6,6,6,6,6,6,6,6,4,45,0,0,5
6,6,4,4,3,2,2,2,2,2,2,2,4,47,0,4,6
2,2,1,1,1,1,2,1,1,6,2,1,1,59,0,2,2
6,5,5,2,2,3,3,5,4,2,2,5,7,28,0,4,7
1,2,2,1,1,1,1,1,1,1,4,4,2,26,0,0,6
2,5,4,2,2,1,1,4,4,1,4,1,1,32,0,0,0
5,5,3,2,2,1,1,1,1,5,3,1,7,36,1,3,6
2,1,1,1,1,1,1,1,1,1,1,1,4,32,0,0,0
1,1,1,1,2,1,1,1,1,1,1,1,3,42,0,0,2
6,6,6,1,1,1,1,1,1,1,1,1,4,43,0,0,0
3,5,4,5,4,3,3,3,4,4,5,5,7,47,6,4,5
2,2,2,2,2,2,2,2,2,2,2,2,4,40,3,3,3
6,6,2,2,1,4,4,3,3,1,1,1,4,34,0,0,2
3,6,4,2,3,1,1,1,1,1,1,4,2,44,0,4,5
7,7,1,1,1,1,1,1,1,1,1,1,4,16,0,0,3
2,3,2,1,1,1,1,1,1,1,1,1,4,25,0,0,6
3,5,5,3,3,5,6,5,2,2,6,5,2,29,1,0,0
5,5,2,2,4,3,5,1,1,1,4,2,4,52,1,0,6
4,5,1,1,4,5,7,1,1,4,4,7,4,47,6,6,6
7,7,7,7,6,6,4,7,7,7,7,7,8,67,11,12,12
5,5,4,4,4,4,4,6,5,2,4,5,3,32,1,3,6
6,5,5,2,4,1,2,4,3,2,3,2,4,34,8,8,7
2,2,6,6,6,2,2,5,3,1,1,7,7,35,5,8,5
5,4,2,1,2,1,2,5,4,4,4,2,3,27,0,0,6
6,2,1,1,2,1,1,1,1,1,1,1,1,20,0,0,0
5,3,6,4,4,6,5,5,2,2,2,7,8,33,0,4,3
4,4,4,4,4,4,4,4,4,4,4,4,4,52,9,9,9
5,4,7,7,3,7,7,7,7,5,6,7,5,41,7,9,6
5,5,5,4,4,4,4,4,3,3,3,4,4,61,2,8,12
7,7,7,7,7,7,7,7,7,7,7,7,5,33,12,10,11
5,6,7,6,4,6,6,2,2,3,4,7,7,49,0,3,3
4,4,5,5,4,2,2,4,4,4,4,4,5,45,3,8,6
7,6,6,5,5,5,6,4,4,6,5,7,7,45,5,5,6
2,1,2,1,1,1,1,1,1,1,1,1,2,43,0,0,6
2,5,4,1,1,1,1,1,5,1,7,1,7,51,2,2,10
6,5,3,3,3,1,1,1,1,1,1,1,4,52,6,5,6
6,6,3,2,4,3,5,4,3,3,4,3,3,41,0,1,4
5,5,5,4,5,5,4,4,4,4,4,4,4,43,1,9,11
5,5,2,1,1,3,4,1,2,1,2,1,1,25,4,0,5
5,5,3,3,3,2,5,2,4,3,5,2,2,39,1,4,6
5,5,5,4,4,1,1,2,2,2,2,2,8,60,0,3,6
5,6,2,2,2,2,3,2,2,1,2,1,2,22,1,0,3
7,6,7,5,3,7,6,6,6,1,1,7,1,41,0,11,4
7,6,5,2,4,7,5,5,4,3,2,4,4,44,0,0,5
6,5,6,6,5,6,6,7,7,7,7,7,8,48,4,9,9
5,2,2,2,2,2,2,2,2,2,2,2,1,40,0,3,6
5,5,2,2,2,2,2,2,2,2,2,2,8,16,0,0,2
7,7,1,1,1,1,1,1,1,1,1,1,4,36,0,0,4
2,3,1,1,2,3,2,3,2,1,1,2,1,30,1,1,9
5,3,2,1,2,1,1,4,4,2,2,1,2,44,0,0,2
1,1,1,1,1,1,2,1,1,1,1,1,2,31,1,0,7
5,4,4,2,2,3,3,3,3,3,3,3,4,29,1,3,6
7,6,5,2,2,2,6,5,5,6,1,1,1,40,0,0,0
6,6,4,3,3,5,5,6,6,5,6,6,4,48,0,3,8
4,4,5,4,4,5,6,5,4,5,4,7,7,51,4,8,6
2,5,1,1,1,1,1,1,1,1,1,1,1,53,1,0,9
5,2,2,2,2,2,2,4,2,2,2,5,7,29,3,3,6
3,1,5,4,3,1,2,1,1,1,4,1,1,36,3,0,3
5,5,2,2,2,5,3,2,2,2,2,4,4,60,3,3,9
2,1,1,1,1,1,1,1,1,1,1,1,4,46,1,0,5
5,5,5,2,5,4,3,2,2,3,3,2,5,50,0,2,5
5,6,4,4,4,4,4,4,4,5,6,7,4,50,2,2,7
6,4,5,3,3,5,5,2,2,2,2,5,4,56,0,4,7
1,1,2,2,1,1,1,1,1,1,1,1,4,41,0,3,1
5,4,5,5,3,2,2,2,2,2,2,2,4,50,0,0,4
5,4,4,3,3,3,1,3,4,1,1,1,3,43,0,0,6
7,7,3,2,4,1,7,7,1,1,6,1,4,61,0,0,0
7,7,7,7,7,7,7,7,7,4,6,7,7,72,0,11,10
7,5,4,4,2,1,6,1,1,1,1,4,8,48,0,7,6
5,5,5,5,5,2,2,4,4,4,4,4,8,45,0,8,0
5,5,6,6,5,4,3,4,3,4,3,3,3,47,8,8,8
6,4,1,2,1,1,1,1,1,1,1,1,4,47,0,0,2
5,1,1,1,1,1,1,1,1,1,1,1,4,21,0,0,0
2,1,1,1,1,1,1,1,1,1,1,1,7,47,2,8,4
5,5,3,3,2,2,2,3,3,3,3,5,4,30,2,4,7
5,5,5,4,6,5,2,6,5,5,2,6,5,53,1,8,5
5,5,1,1,1,1,2,1,1,1,1,1,5,27,0,0,12
4,2,4,4,4,1,1,1,1,1,1,1,8,44,0,6,5
2,2,5,2,1,1,1,1,1,1,1,1,5,44,0,0,1
1,1,1,1,1,1,1,1,1,1,1,1,4,19,0,0,4
6,6,2,4,4,6,2,2,2,2,2,5,4,43,3,3,3
6,6,6,2,4,4,4,3,4,4,5,3,1,58,0,4,2
4,1,4,1,1,1,1,2,2,2,5,1,1,18,0,4,4
5,3,2,1,1,1,5,2,2,1,4,2,2,28,0,0,4
4,4,1,1,1,1,1,1,1,1,1,1,2,42,0,0,0
5,2,3,3,3,5,5,5,5,3,3,5,3,45,0,7,3
5,5,3,1,3,1,1,1,1,1,4,1,2,54,0,0,0
6,6,3,3,3,5,5,1,1,1,1,7,3,28,0,5,3
1,1,4,4,2,1,1,1,1,1,1,1,2,35,0,0,5
2,2,4,3,2,2,2,2,2,4,3,1,4,33,3,4,6
7,7,7,6,7,5,6,1,1,1,1,6,8,22,0,4,2
7,7,7,7,7,7,6,7,7,7,7,7,4,72,9,12,10
5,5,2,2,2,1,2,2,2,5,4,2,3,38,0,2,3
5,6,4,2,2,1,5,7,7,3,5,7,2,35,0,0,3
2,2,2,2,2,2,2,2,2,1,1,2,7,44,3,0,3
7,5,7,1,1,1,2,2,1,1,1,1,1,62,12,4,8
2,6,2,2,2,1,1,4,4,2,2,5,3,27,3,0,6
6,6,3,2,2,1,1,4,4,5,4,4,4,35,2,4,2
5,5,4,3,4,2,3,3,3,3,3,4,7,27,0,0,4
1,1,1,1,3,1,2,2,2,2,2,1,2,46,1,0,7
4,4,4,4,4,4,4,4,4,4,4,4,4,20,0,0,0
6,6,5,4,4,3,3,2,2,4,4,5,3,42,4,4,6
7,7,1,1,1,1,1,4,4,1,1,4,4,31,0,0,2
4,3,2,1,1,1,3,4,3,3,3,2,3,36,0,1,6
6,6,7,7,4,1,4,1,1,1,1,7,7,37,3,12,8
1,1,4,1,4,1,1,4,4,4,5,1,4,30,0,0,6
2,6,2,2,2,2,1,1,1,1,1,1,4,31,0,0,2
6,6,5,1,3,5,5,1,1,3,5,1,4,32,0,0,0
5,4,4,2,1,5,5,7,7,4,4,7,5,24,0,1,4
2,3,4,2,1,1,1,2,1,1,2,1,4,32,0,0,5
6,6,6,4,4,6,6,4,4,4,4,6,8,61,1,7,6
1,1,1,1,1,1,1,4,3,2,1,1,5,33,0,0,7
7,7,7,7,7,7,7,7,7,7,7,7,4,27,4,12,10
4,5,4,3,2,1,2,5,4,3,4,3,4,36,2,0,4
5,5,4,3,2,2,1,4,2,2,2,4,4,37,3,3,5
7,6,6,5,4,6,4,6,6,4,4,7,2,52,3,9,7
6,6,4,4,3,3,4,4,3,4,3,7,8,58,3,7,8
4,3,3,3,3,5,5,4,4,4,5,5,4,36,3,3,3
6,5,3,2,2,6,5,4,4,3,3,5,5,37,0,3,1
1,1,1,1,1,1,1,1,1,1,1,1,2,55,0,0,9
6,4,4,5,4,7,7,6,6,6,6,7,1,54,3,4,7
3,5,3,3,5,5,4,5,6,5,5,6,4,27,4,7,10
6,4,2,2,2,1,1,1,1,2,1,1,2,39,0,0,6
5,6,3,4,4,7,1,5,5,6,7,4,4,26,0,0,6
2,2,2,2,2,2,2,2,2,2,2,2,1,12,0,0,0
4,3,5,2,1,1,1,1,1,1,2,1,4,13,0,0,2
5,7,2,1,1,1,1,1,1,1,1,4,3,39,0,0,5
7,7,6,3,3,5,3,7,7,7,7,7,5,50,0,9,9
2,4,1,1,1,1,1,2,2,1,1,1,2,36,0,0,2
5,5,5,2,2,2,2,2,2,1,2,2,4,41,1,0,4
6,6,4,4,4,1,1,1,1,3,4,4,4,60,2,3,5
1,1,3,1,1,1,1,1,1,1,1,1,1,50,0,0,4
7,7,6,6,5,4,4,2,2,2,5,5,4,46,0,0,0
7,7,4,2,1,5,2,4,4,4,4,3,1,38,0,0,0
7,7,3,4,4,7,2,1,4,5,5,7,1,19,0,0,6
5,5,3,3,2,2,5,2,2,2,2,5,4,30,1,8,6
5,5,3,2,2,5,4,4,4,3,3,3,3,47,0,1,0
2,2,2,2,2,2,2,2,2,2,2,2,7,38,5,0,6
5,4,3,2,2,2,4,3,2,3,2,4,3,47,1,0,3
7,7,6,3,6,6,6,6,6,6,6,6,8,52,6,9,9
6,5,3,2,2,1,1,2,2,2,2,2,4,47,0,1,2
3,2,2,2,2,2,2,2,2,2,2,2,4,44,3,3,3
5,5,5,5,4,6,5,4,4,4,5,5,8,64,8,8,6
7,7,7,7,7,7,7,7,7,7,7,7,2,57,12,12,12
6,6,1,1,1,1,2,1,1,1,4,1,2,58,0,0,4
6,6,5,5,5,6,4,5,4,4,3,5,7,51,9,8,8
6,5,3,4,4,4,5,4,4,2,4,2,3,42,0,2,6
1,1,1,1,1,1,1,1,1,1,1,1,1,22,0,0,6
5,5,1,1,1,1,1,1,1,4,1,1,4,41,0,2,4
3,3,6,4,7,5,5,2,2,4,5,5,8,62,0,0,6
5,5,7,7,5,6,7,5,5,7,6,7,7,71,6,11,10
1,2,1,1,1,1,1,1,1,1,1,1,4,47,0,0,0
2,2,4,2,1,1,1,1,1,1,1,1,1,47,0,0,0
5,5,3,2,2,1,5,6,4,2,2,5,2,68,0,6,4
5,7,4,1,1,5,1,1,1,1,7,1,4,55,0,0,12
7,7,7,7,7,7,7,7,7,4,1,7,8,72,0,6,6
1,1,1,1,1,1,1,1,1,1,1,1,7,52,1,8,9
5,4,2,2,2,2,2,2,2,2,2,2,2,39,1,0,3
5,5,4,4,4,4,5,4,4,4,4,4,7,37,4,5,7
2,1,2,1,1,1,1,1,1,1,1,1,4,35,0,0,0
7,7,7,7,7,6,6,6,4,6,6,7,5,70,0,9,8
5,3,2,1,1,1,1,1,1,1,1,1,4,37,0,0,0
2,3,1,1,1,2,1,1,1,1,1,2,3,19,0,0,0
4,3,2,2,2,2,2,1,1,1,1,1,4,42,0,0,1
4,2,2,2,2,2,2,2,2,2,2,2,1,50,1,3,5
6,6,5,3,3,2,5,5,5,5,5,3,7,36,1,1,3
3,3,3,2,3,2,3,2,2,2,2,2,2,42,2,2,4
6,5,2,1,1,1,1,1,1,1,1,2,8,29,1,5,5
2,2,5,2,2,1,2,1,1,1,1,1,4,35,0,1,2
6,5,1,1,1,1,1,1,1,1,1,1,3,21,0,0,6
2,1,2,2,2,4,2,4,4,3,1,4,3,50,1,6,4
2,2,4,3,5,2,2,2,2,2,2,1,4,33,1,3,10
1,1,5,1,1,1,1,5,3,1,4,1,3,41,0,0,5
5,5,4,2,2,2,2,5,5,2,2,2,4,43,0,0,0
5,3,1,2,1,1,1,1,1,1,1,1,5,37,0,0,0
2,2,2,1,1,1,5,2,2,2,2,2,3,50,3,0,6
6,6,4,4,6,4,5,5,6,6,5,2,4,47,0,1,3
6,5,1,1,1,1,1,1,1,1,1,1,2,29,0,0,0
4,5,1,1,1,1,1,4,4,4,4,1,4,65,4,0,7.5
1,1,1,1,1,1,1,1,1,1,1,1,8,19,4,4,5
5,4,4,3,4,3,2,2,4,3,4,2,2,40,1,1,4
2,2,2,1,1,1,1,2,2,2,2,1,2,20,0,0,5
7,7,7,5,1,7,5,7,7,5,7,7,5,33,1,3,9
4,4,4,4,4,3,4,4,4,5,5,3,4,49,0,2,6
5,5,3,3,3,4,4,4,4,4,4,4,8,46,0,3,6
6,6,6,5,5,5,6,6,6,1,4,7,4,31,1,5,4
2,5,4,3,3,1,1,1,1,1,1,1,4,31,0,0,8
4,4,4,2,2,4,2,1,1,1,1,1,4,41,0,0,5
5,2,2,1,1,1,1,1,1,1,1,1,8,29,0,3,8
1,1,1,1,1,1,1,1,1,1,1,1,2,24,0,0,6
5,3,5,1,3,1,3,2,2,1,2,1,2,18,0,0,4
5,4,3,3,4,2,5,2,2,2,2,2,4,25,3,5,8
5,5,1,1,1,1,1,1,1,1,1,1,2,32,0,0,2
5,6,6,5,5,3,4,5,5,5,5,3,4,37,1,3,8
5,5,3,1,2,2,2,1,3,1,2,2,2,39,0,0,11
5,5,4,2,2,2,2,2,2,2,2,2,4,53,0,0,4
1,2,7,1,1,1,1,6,6,1,1,3,4,33,0,0,0
5,5,3,2,2,2,1,1,1,1,1,2,8,24,0,5,8
2,1,4,2,1,1,2,3,2,2,2,2,3,32,0,0,6
1,1,1,1,1,1,1,1,1,1,1,1,4,72,0,1,5
3,3,5,1,1,2,5,1,1,1,1,1,3,24,0,3,5
5,6,5,1,1,6,7,5,1,1,1,7,2,16,0,0,0
6,4,5,4,4,5,5,4,4,5,5,5,8,34,1,1,6
5,5,2,2,1,1,2,2,2,2,2,2,2,52,0,0,5
1,1,1,1,1,1,1,1,1,1,1,1,4,18,4,0,4
5,6,1,1,1,1,1,1,1,1,1,5,5,20,0,0,4
7,7,4,4,4,4,4,5,5,3,4,4,5,48,4,5,6
1,1,1,1,1,1,1,1,1,1,4,1,4,36,0,0,6
4,4,4,4,4,1,1,4,4,1,1,1,7,33,0,8,4
6,6,1,1,1,7,6,1,1,1,1,1,1,47,0,0,0
5,5,4,4,5,4,4,4,4,4,4,4,4,65,0,2,0
6,4,6,5,4,4,4,5,4,5,5,6,7,44,2,5,8
3,4,3,2,2,1,2,3,3,4,3,4,8,31,6,8,6
3,5,4,1,1,1,4,4,4,4,5,1,7,28,0,0,3
5,5,2,2,3,3,1,1,1,1,4,4,4,27,0,6,9
5,5,4,4,2,5,5,4,4,4,4,4,4,41,2,6,6
5,1,2,1,1,1,3,2,2,2,1,1,5,41,1,2,8
5,5,2,2,2,1,1,1,1,1,1,1,4,34,0,0,2
2,4,7,1,1,2,1,1,1,1,2,1,5,39,0,0,8
5,3,5,3,2,3,5,5,5,4,3,5,4,26,1,4,3
6,4,4,2,1,1,1,1,6,2,6,1,1,31,0,1,5
3,3,4,1,1,1,1,1,1,1,1,7,1,30,0,0,0
5,6,1,1,1,1,1,1,1,1,1,1,5,43,0,0,2
4,6,6,4,3,5,5,1,1,1,1,1,1,59,1,10,10
6,5,5,4,4,3,5,4,4,4,4,4,8,42,6,3,5
2,1,2,2,2,1,1,1,1,1,1,1,5,49,0,0,9
2,3,5,1,2,2,1,2,2,1,2,1,4,26,0,0,9
5,5,4,3,3,3,2,3,3,3,3,3,5,41,4,1,3
5,5,6,3,2,2,2,6,6,5,6,4,4,32,2,6,4
7,6,3,2,3,5,5,3,3,4,4,3,1,31,0,0,4
5,5,3,1,1,1,5,2,2,5,4,1,2,53,0,0,8
7,7,4,1,2,1,1,1,1,1,1,1,1,46,0,0,0
6,6,1,4,4,7,7,6,6,2,1,5,4,30,4,6,6
1,1,1,1,1,1,1,1,1,1,1,1,4,36,1,0,5
1,1,1,1,1,1,1,1,1,1,1,1,4,63,0,0,2
4,2,2,1,1,3,2,2,2,1,2,1,1,23,0,0,0
1,2,3,1,1,1,1,2,2,2,2,1,3,26,0,1,5
5,5,7,1,1,4,3,1,1,1,1,1,2,43,8,4,2
1,1,1,1,1,2,7,1,1,1,1,1,4,45,0,0,12
7,7,7,7,7,6,1,3,3,6,6,7,8,28,5,8,12
5,5,4,4,3,2,2,2,2,2,2,3,5,38,3,4,6
1,1,5,1,1,1,1,1,1,1,1,1,4,41,0,0,0
5,6,5,3,5,5,5,5,5,6,6,7,7,30,2,8,7
7,7,6,4,4,2,2,2,2,2,2,2,7,67,0,2,5
5,5,2,1,3,1,1,1,1,1,1,1,4,40,0,2,4
6,5,3,3,2,4,3,5,5,2,4,4,4,33,0,1,2
4,6,4,4,2,1,1,1,1,1,1,1,4,71,0,7,1
5,5,4,3,4,3,3,4,4,3,4,3,4,49,3,3,5
5,5,1,1,1,1,2,3,2,1,1,1,4,60,0,0,6
7,5,1,1,1,1,1,1,1,1,1,5,4,30,0,0,0
4,3,3,2,1,1,1,1,1,1,1,1,4,49,0,0,6
2,2,6,6,6,2,2,2,2,2,2,5,7,60,5,12,9
1,1,1,1,1,1,1,1,1,1,1,1,2,32,0,0,5
2,4,3,3,3,3,3,6,5,4,4,4,3,42,5,3,5
2,2,2,2,2,2,2,2,2,2,2,2,7,40,2,3,8
4,6,2,2,2,1,1,3,3,3,1,1,4,56,0,4,3
6,6,5,4,4,3,5,3,3,2,4,5,4,30,3,6,4
5,5,2,2,2,1,1,1,1,1,1,1,4,37,1,1,5
7,7,4,4,4,6,6,7,7,4,4,6,7,48,0,5,6
1,1,1,1,1,2,2,2,2,2,2,2,4,47,2,2,5
6,4,7,5,4,1,1,5,4,2,2,7,7,48,0,8,6
6,6,3,3,3,2,2,1,1,1,1,1,5,36,3,1,0
1,1,1,1,1,1,1,1,1,1,1,1,4,33,0,0,2
1,3,1,1,4,1,1,1,1,1,1,1,3,37,3,0,0
3,4,2,1,2,2,5,1,1,2,1,4,4,38,8,4,9
5,3,5,4,4,4,5,2,2,2,4,1,4,46,0,0,6
1,1,1,1,1,1,1,1,1,1,1,1,1,49,0,0,0
4,1,1,7,1,1,1,1,1,1,1,1,4,34,4,0,0
2,4,2,1,1,1,1,5,5,1,4,4,5,29,0,4,7
2,2,3,2,2,2,1,4,3,2,2,4,7,27,0,1,0
6,6,5,2,2,5,3,5,4,3,6,6,5,50,1,3,9
1,1,1,1,1,1,4,1,1,1,1,1,1,31,0,0,6
1,1,1,1,1,1,1,1,1,1,1,1,4,44,0,0,3
7,1,1,1,2,1,1,6,7,1,4,5,5,28,0,4,2
6,6,6,3,3,1,4,7,7,4,6,7,4,36,0,4,0
4,5,2,1,1,1,6,7,7,4,7,6,4,36,2,7,6
5,5,3,2,2,2,1,1,1,1,4,1,2,46,0,0,3
2,2,3,2,2,2,2,2,2,3,2,2,4,37,2,4,6
2,2,1,1,1,1,2,1,1,2,2,1,1,34,0,0,0
2,4,6,3,1,1,1,1,1,1,1,1,4,27,0,0,2
5,5,2,2,1,1,6,2,2,4,4,2,3,33,0,0,3
5,7,1,1,1,5,1,4,5,1,4,5,1,12,0,0,2
1,1,5,1,2,1,1,1,1,5,4,1,4,48,0,0,8
7,7,1,1,1,1,3,4,4,4,1,1,8,21,0,8,7
1,1,1,1,1,1,1,1,1,1,1,1,3,45,0,7,9
4,4,4,4,4,4,4,4,4,3,5,4,4,42,6,3,6
5,5,4,3,3,4,5,1,1,1,1,1,4,35,0,0,0
2,5,4,1,4,1,2,1,1,1,1,1,1,23,0,1,3
4,4,4,2,3,4,3,2,1,1,1,1,1,27,1,2,6
1,1,1,1,1,1,1,1,1,1,1,1,4,28,0,4,6
5,5,7,6,1,5,6,2,2,2,2,5,7,31,0,2,1
2,2,2,1,1,1,2,1,1,1,4,1,1,28,0,0,3
5,6,4,4,2,1,2,6,4,4,6,1,8,44,5,7,7
2,2,3,2,4,2,2,3,2,3,2,3,5,43,4,6,7
5,4,1,1,1,4,2,3,2,2,2,6,4,42,1,5,6
5,1,4,2,2,2,3,1,1,1,1,1,4,33,0,4,8
3,4,2,2,2,3,4,5,4,3,4,3,4,28,1,3,6
5,4,2,2,2,5,4,1,4,2,2,2,4,38,1,1,4
7,6,3,1,7,5,4,5,5,1,1,1,7,57,0,4,4
3,2,4,2,3,1,1,4,4,1,1,1,4,35,0,0,12
4,4,4,4,4,1,4,1,1,1,1,7,4,25,6,10,6
3,3,6,3,3,3,4,3,3,3,2,5,7,40,2,6,6
4,2,5,5,4,4,4,6,6,6,6,6,5,36,0,6,1
7,5,4,3,4,5,7,7,7,3,4,7,8,44,1,9,11
2,5,1,1,1,1,1,1,1,1,1,1,2,41,0,0,0
6,7,5,3,3,3,3,3,3,3,3,2,3,41,1,0,5
7,7,1,1,1,4,4,1,1,1,1,1,1,56,0,0,0
6,6,6,6,6,6,6,6,6,6,6,6,4,55,3,6,6
1,1,1,1,2,1,1,1,1,1,2,1,5,32,0,1,6
5,5,2,2,1,1,2,1,1,1,2,1,2,42,0,0,0
4,3,4,4,3,4,3,4,4,5,4,4,4,41,0,0,6
6,3,2,2,3,1,3,2,1,1,1,2,4,29,0,0,4
5,3,4,4,4,4,4,5,5,4,4,5,4,44,6,6,7
3,2,3,3,2,4,3,2,2,2,3,5,7,36,2,7,4
6,4,3,2,2,4,3,3,3,5,5,5,8,41,1,7,6
5,5,1,1,1,1,1,1,1,1,1,1,2,23,0,4,9
5,5,1,1,1,5,1,7,7,1,1,1,4,35,4,0,7
5,4,6,5,3,5,5,4,4,4,5,3,4,31,1,3,3
5,5,2,2,2,3,2,1,1,1,1,1,2,28,0,0,0
5,4,6,3,2,7,5,7,7,7,7,7,4,49,0,5,6
6,5,1,2,2,5,5,5,5,4,4,7,5,43,4,5,6
4,2,4,4,3,4,2,2,3,5,5,6,4,45,2,5,6
2,2,2,2,2,1,1,1,1,1,1,1,2,39,0,0,10
5,5,2,2,2,2,2,2,2,2,2,2,4,28,3,3,5
7,4,6,1,2,1,1,1,1,1,5,1,4,48,0,0,0
4,4,3,2,2,2,2,2,2,2,2,5,4,39,4,6,6
1,1,1,1,1,1,1,1,1,1,1,1,1,19,0,0,0
5,5,5,3,3,2,2,2,2,2,2,2,5,42,0,0,0
7,7,4,4,5,7,7,6,6,6,6,7,5,32,0,1,5
5,1,2,2,2,1,1,1,1,1,1,1,4,33,0,0,6
7,6,1,1,1,1,3,2,1,1,1,1,4,23,0,1,0
7,7,6,5,5,7,7,6,6,3,4,5,7,54,1,5,9
5,5,4,2,2,1,1,1,1,4,4,1,1,28,0,1,2
1,1,1,1,1,1,1,1,1,1,1,1,4,32,0,0,0
5,3,4,4,4,2,2,1,1,2,2,2,7,40,2,2,7
5,2,2,2,2,4,3,2,3,2,2,2,4,42,0,1,3
4,4,5,2,4,2,3,4,5,2,4,5,8,38,1,2,3
1,2,5,2,1,1,1,6,6,2,5,4,4,22,0,2,8
7,7,6,5,6,5,4,5,5,3,4,4,7,43,1,7,8
4,4,4,3,3,2,2,2,2,2,2,2,7,39,2,3,4
4,4,5,2,2,1,1,4,3,2,2,2,1,25,0,1,3
5,7,7,6,7,6,7,7,7,6,6,7,8,67,1,9,12
7,4,2,5,4,4,5,2,2,5,4,2,4,43,0,6,3
4,4,4,1,2,1,1,4,4,4,4,3,7,45,6,10,6
3,2,2,2,2,4,2,2,2,2,2,1,4,36,5,0,2
2,3,5,3,2,2,2,2,2,2,2,2,5,45,1,4,5
1,5,7,2,5,1,1,1,1,6,6,1,4,43,0,0,0
7,5,1,1,1,1,1,1,1,1,1,1,4,31,0,0,4
3,5,1,4,1,1,1,1,1,4,4,1,4,44,0,3,2
1,1,2,2,1,1,1,1,1,1,1,1,2,37,0,0,6
5,4,5,4,4,2,3,4,5,5,2,6,7,61,3,8,7
4,6,5,5,5,6,6,6,6,6,6,6,4,41,8,6,6
3,3,3,3,3,3,3,4,4,4,4,3,1,39,0,0,6
5,7,5,4,4,4,4,3,3,4,3,2,5,40,3,0,3
5,6,7,6,2,2,2,4,4,4,5,6,4,55,7,10,8
7,7,4,4,4,1,4,1,1,5,5,4,8,45,0,0,6
4,4,4,2,2,2,2,2,2,1,2,1,2,39,0,0,4
6,6,6,6,7,7,6,6,7,6,6,5,3,49,6,7,5
7,2,1,1,1,5,5,1,1,5,4,1,3,33,0,0,5
5,7,2,1,1,5,5,1,1,1,1,1,4,59,2,8,9
5,4,2,1,1,1,5,1,2,2,3,1,7,32,0,0,0
6,6,2,1,1,3,2,4,4,2,6,1,3,33,0,0,5
5,5,3,2,2,1,1,1,1,1,1,2,4,32,0,4,0
7,6,5,6,4,5,4,6,5,4,5,6,4,55,7,9,10
1,5,1,1,1,1,1,1,1,1,1,1,2,19,0,0,0
2,5,2,6,2,2,2,6,6,5,6,6,4,46,2,2,6
5,5,5,3,3,1,1,1,1,1,1,1,4,35,2,6,8
7,7,7,7,7,7,7,7,7,7,4,7,4,72,12,12,12
1,1,1,1,1,1,1,1,1,1,1,1,1,42,0,0,0
5,3,5,2,5,2,5,2,2,4,5,3,5,44,3,5,4
1,1,1,1,1,1,1,1,1,1,1,1,2,30,0,0,0
5,4,2,2,2,2,2,2,2,2,2,2,3,40,3,3,3
7,7,7,6,7,7,7,4,4,6,4,7,4,54,2,12,7
7,1,1,1,1,1,1,1,1,1,1,1,4,65,4,3,0
5,4,3,1,2,2,5,4,5,1,2,4,3,47,0,1,6
6,4,5,5,5,4,5,7,7,7,7,7,8,68,2,12,6
6,6,3,3,4,5,7,4,4,3,1,5,2,18,1,0,5
7,7,7,7,7,7,7,7,7,5,5,7,4,48,4,6,9
5,2,1,1,2,2,5,1,1,1,1,1,4,31,1,4,5
5,3,6,4,3,4,4,4,4,4,4,4,4,36,0,7,7
2,6,3,2,2,2,2,2,2,2,4,2,2,38,0,1,4
5,5,6,6,5,7,7,7,7,7,6,7,7,35,3,5,3
5,6,5,3,4,4,4,4,4,4,4,4,7,38,0,5,5
1,1,1,1,1,1,1,1,1,1,1,1,4,39,0,5,6
5,5,5,4,5,2,2,4,1,5,3,5,4,28,1,7,8
3,2,4,3,2,2,4,2,1,2,2,3,7,58,1,6,5
2,2,2,2,2,1,1,1,1,1,4,1,2,31,0,0,0
1,1,1,1,1,1,1,1,1,1,1,1,2,27,0,0,5
6,5,5,4,5,5,6,4,4,3,3,5,4,49,1,8,3
5,5,1,1,2,3,1,1,1,2,1,1,5,29,0,0,2
5,7,5,1,1,1,1,6,6,4,4,4,4,24,0,0,4
4,4,2,1,4,1,2,1,1,1,4,1,2,41,2,0,5
1,1,1,1,1,1,1,1,1,1,1,1,1,38,0,0,4
7,7,2,2,2,5,3,3,3,3,3,3,4,56,3,4,9
6,4,5,6,5,5,6,6,5,6,5,7,4,56,8,10,5
6,6,4,2,4,4,3,4,4,3,3,2,7,37,2,0,6
5,1,1,1,1,1,1,1,1,1,1,1,2,22,0,0,6
5,5,5,3,4,5,4,4,4,4,4,4,7,33,0,0,0
6,6,5,2,2,3,1,4,3,3,3,3,4,47,3,3,6
2,3,4,2,2,2,2,4,4,4,4,4,4,22,3,7,9
5,5,5,2,4,2,5,4,5,3,5,5,4,42,0,3,4
1,1,1,1,1,1,1,1,1,1,1,1,2,24,0,0,3
4,4,2,2,2,3,4,3,3,3,2,3,4,45,3,3,3
1,1,4,1,3,1,2,1,1,1,1,1,4,28,0,0,4
4,4,5,5,2,2,1,3,3,1,1,1,4,34,0,0,7
1,5,1,1,1,1,1,5,5,1,1,1,2,37,2,7,7
5,5,5,2,4,2,2,2,2,2,2,2,4,44,0,0,1
5,4,3,2,2,5,2,5,5,6,6,5,4,38,0,0,2
5,4,3,2,2,1,2,1,2,1,1,2,4,43,0,0,0
2,2,2,1,1,1,1,1,1,1,1,1,1,41,0,0,5
5,4,1,1,1,1,1,1,1,1,1,1,4,30,0,0,2
5,1,3,1,1,1,1,4,4,1,1,4,4,38,0,0,3
5,1,1,1,1,2,1,1,6,6,5,1,3,62,0,0,0
5,7,2,2,1,1,1,1,1,1,1,1,4,54,0,6,6
4,3,3,4,5,3,4,5,4,5,3,3,4,45,7,5,8
5,5,2,2,2,2,2,2,2,2,2,2,2,38,0,4,0
4,5,4,3,4,2,2,2,2,2,5,2,5,45,1,5,9
6,6,6,6,5,5,6,7,7,4,5,7,5,44,4,6,8
1,1,1,1,1,1,1,1,1,1,1,1,4,24,0,0,0
6,5,2,2,2,2,5,6,6,2,2,2,1,32,0,0,4
7,7,7,7,7,7,1,7,7,7,7,7,8,63,3,11,8
6,6,7,7,7,4,4,4,4,4,4,4,8,64,8,9,12
2,2,6,6,6,1,1,1,1,1,1,1,4,30,3,8,9
2,2,2,2,2,5,7,7,7,7,7,7,4,50,0,10,6
5,5,4,4,5,5,5,2,2,2,2,2,4,48,3,3,6
1,5,4,1,1,1,1,1,1,1,5,1,4,28,0,0,4
4,3,2,4,5,4,2,6,6,7,7,6,4,54,4,5,4
5,5,1,1,1,3,2,1,3,4,4,5,8,57,0,0,0
6,5,2,2,2,5,2,3,5,4,2,3,7,34,3,5,7
6,5,7,6,6,6,4,7,5,6,4,6,1,50,8,9,10
7,7,1,1,1,1,1,7,7,1,1,1,4,33,0,6,4
4,4,6,3,4,4,4,6,6,6,4,4,1,19,3,4,7
4,4,3,2,4,1,1,1,1,1,1,1,4,34,4,0,7
6,4,4,3,4,3,6,1,1,2,2,1,7,42,0,1,6
4,4,2,1,1,1,1,1,1,1,1,4,1,42,0,3,0
5,5,4,2,2,1,1,1,1,1,1,1,3,27,0,1,5
2,4,2,1,1,1,1,4,4,4,4,1,1,17,0,0,0
2,1,4,4,4,1,1,1,1,1,1,4,8,20,0,1,6
1,1,2,1,1,1,1,1,1,1,1,1,2,38,0,1,0
6,6,7,7,7,6,6,6,6,6,6,7,5,67,5,9,9
2,2,1,1,2,1,2,2,2,3,4,1,2,42,0,0,5
2,5,4,2,1,1,1,4,4,1,2,5,5,36,2,8,9
6,6,2,2,2,2,2,2,2,2,2,6,3,37,3,3,3
2,5,2,2,2,2,2,5,5,2,2,2,8,64,1,4,6
5,2,3,2,2,4,5,5,4,4,5,5,7,24,1,3,7
7,7,7,7,7,1,2,5,7,7,7,7,1,46,8,8,7
7,7,5,5,6,5,6,7,7,7,7,7,7,36,3,7,2
5,4,5,4,3,5,4,4,3,3,3,4,5,39,2,1,5
7,7,5,4,4,6,6,6,6,6,6,4,2,36,0,0,0
6,6,4,4,4,5,7,4,4,4,4,7,4,43,0,7,7
2,2,1,1,1,1,1,4,3,1,1,1,1,39,0,0,4
5,4,2,2,2,4,1,2,2,2,4,1,4,52,0,0,5
5,2,1,1,1,2,2,1,1,1,1,1,3,35,0,0,1
1,2,4,2,2,4,4,5,6,4,4,5,4,39,1,0,5
7,7,7,7,7,7,7,7,7,7,7,7,8,40,4,11,9
4,4,4,4,4,4,4,4,4,4,4,4,8,40,6,6,6
5,5,4,2,2,2,6,2,2,1,3,1,4,27,0,0,3
5,3,2,1,2,1,1,2,2,2,2,2,5,35,0,1,6
6,2,5,5,3,5,2,7,7,7,7,7,4,49,0,2,4
6,6,6,4,2,5,5,6,6,6,7,7,5,50,4,4,5
2,2,3,2,1,1,3,4,4,2,1,1,4,33,0,0,6
1,1,1,1,1,1,1,1,1,1,1,1,2,26,0,0,0
7,7,7,7,7,7,7,1,1,1,1,1,1,31,0,0,0
6,4,2,2,1,1,4,5,5,3,3,3,4,46,3,3,3
2,5,2,1,2,1,1,5,5,1,1,1,4,27,0,0,0
6,6,4,5,6,2,2,2,2,5,2,4,8,61,5,8,5
6,4,1,5,4,1,1,5,5,5,5,7,5,42,0,5,4
5,4,1,1,1,1,1,1,1,1,1,1,3,41,0,1,9
7,7,7,4,7,6,7,4,4,4,2,4,7,33,1,9,6
5,5,5,4,4,4,5,4,4,5,6,4,4,54,6,9,6
1,5,1,1,1,1,1,1,1,1,1,4,4,51,0,0,0
6,6,1,1,1,1,1,1,1,1,1,1,2,25,0,0,4
6,5,3,3,5,3,6,4,4,4,5,5,4,55,0,2,3
5,5,5,4,3,4,3,2,5,2,1,5,4,20,0,7,7
5,5,3,3,3,3,3,6,6,5,5,2,2,42,1,3,5
4,4,1,1,1,1,1,1,1,1,1,1,4,42,0,0,6
2,1,1,1,1,1,1,1,1,1,1,1,1,27,0,0,4
7,7,4,1,1,1,1,1,1,1,1,1,1,65,0,0,2
5,6,1,1,2,1,2,6,2,1,1,4,4,19,0,0,7
7,7,7,5,3,4,6,1,1,4,4,3,4,65,0,0,0
2,2,3,2,2,2,4,4,3,2,2,4,2,33,1,1,6
3,5,4,1,2,2,6,1,1,2,6,2,4,37,0,2,0
1,1,1,1,1,1,1,1,1,1,1,1,4,44,0,5,6
6,6,3,3,1,1,1,5,5,2,2,1,7,58,3,4,7
1,1,4,2,1,1,1,1,1,1,1,1,1,35,0,0,3
2,2,1,1,1,1,1,1,1,1,1,1,2,29,0,0,5
1,1,1,1,1,1,1,2,2,1,1,4,2,23,0,0,4
1,1,1,1,4,4,4,4,2,6,6,7,8,59,0,8,4
3,2,1,1,2,2,2,1,1,2,2,1,2,30,0,0,0
5,4,2,1,2,1,1,1,1,1,2,1,7,32,0,5,5
2,1,2,2,1,5,5,6,5,2,1,5,7,62,1,9,6
6,5,2,1,1,1,1,2,6,2,2,1,1,27,0,0,5
5,5,4,2,2,1,1,1,1,1,1,7,5,27,0,5,4
5,4,4,3,2,1,1,1,3,3,3,2,5,45,3,2,3
1,1,1,1,1,1,1,1,1,1,1,1,4,28,0,0,6
5,5,2,1,1,2,1,7,7,5,6,2,7,44,0,2,7
7,5,7,7,7,6,5,7,7,5,5,7,7,53,0,6,12
1,1,1,1,1,1,1,1,1,1,1,1,8,43,0,6,8
1,1,2,3,2,2,1,2,2,2,2,2,4,39,1,4,5
5,5,1,1,1,1,5,1,1,1,1,1,2,35,0,0,0
1,1,2,1,1,1,1,1,1,1,1,1,1,50,0,1,1
2,1,2,1,1,1,2,1,1,1,1,2,2,19,0,1,6
6,6,4,4,4,1,1,1,1,1,1,1,4,47,0,0,3
1,1,1,1,1,1,1,1,1,1,1,1,4,32,0,1,1
2,3,5,3,2,2,2,1,1,1,1,1,3,31,0,1,3
1,1,5,1,1,1,1,1,1,1,1,1,4,30,0,0,0
1,1,1,1,1,3,3,4,4,2,3,3,5,34,5,5,7
6,5,4,4,4,3,4,4,4,5,5,5,1,47,0,0,4
6,4,6,5,4,6,6,6,4,7,7,7,4,45,2,3,6
7,7,7,7,7,6,7,7,7,3,7,7,8,66,0,0,6
2,5,5,4,4,4,5,5,5,5,5,4,4,50,0,5,3
7,6,5,4,4,6,4,5,5,5,5,6,8,37,4,10,6
7,7,7,7,7,1,1,7,7,7,7,7,1,70,0,12,12
5,6,3,3,2,3,4,5,5,4,3,2,5,40,0,1,5
3,5,5,2,5,3,5,4,4,1,4,2,2,27,4,0,1
7,7,6,3,2,4,4,5,4,3,4,4,4,46,6,1,6
1,1,1,1,1,1,1,1,1,1,1,1,1,15,0,0,5
6,7,4,4,4,6,7,5,5,4,1,5,1,13,0,4,4
5,1,1,1,1,2,1,1,1,1,1,2,4,33,0,1,6
3,2,1,1,2,2,1,5,3,2,5,4,8,31,1,0,6
1,1,1,1,1,1,1,1,1,1,1,1,7,54,4,9,9
6,6,1,1,1,3,1,1,1,1,1,3,2,24,0,5,8
5,5,1,1,1,1,1,1,1,1,1,1,4,61,0,0,4
1,2,5,4,1,1,1,1,1,4,5,1,2,48,0,0,6
7,7,1,1,4,1,2,1,4,4,4,1,4,48,0,6,0
1,3,1,1,5,1,1,1,1,1,1,1,2,37,0,0,5
5,5,4,3,4,3,3,1,1,1,1,4,5,48,3,7,7
1,1,6,1,3,1,1,5,5,5,2,1,2,27,0,0,3
6,6,6,6,4,4,4,6,6,4,5,7,8,51,5,7,6
2,2,2,2,2,1,1,1,1,1,1,1,2,53,0,0,3
2,5,2,1,1,2,2,2,2,2,4,6,4,21,0,1,6
5,5,2,2,2,2,2,2,2,2,2,2,7,34,3,7,3
6,3,1,1,1,2,5,1,1,1,1,1,3,22,0,0,0
7,7,4,4,4,7,6,4,4,4,4,7,4,64,6,9,6
1,1,2,2,1,1,2,1,1,1,1,1,2,25,0,0,2
5,2,2,2,2,1,1,1,1,1,1,1,3,49,0,4,3
5,5,3,1,1,1,1,5,5,1,1,1,2,43,1,5,6
2,2,2,2,2,2,2,2,2,2,2,2,2,51,3,3,6
2,2,2,2,2,2,5,2,2,2,2,2,4,39,3,3,6
5,5,6,6,5,4,6,5,5,3,2,5,7,37,3,9,8
5,5,1,1,2,1,1,1,1,1,1,1,1,15,0,0,5
6,5,6,5,5,5,6,2,2,5,4,5,4,36,2,3,2
6,6,1,1,3,5,7,5,5,2,2,6,2,22,0,0,0
4,4,4,2,2,2,2,1,1,1,1,1,2,36,0,0,0
5,5,3,3,3,1,2,2,2,2,2,2,4,49,3,3,6
7,7,7,7,7,6,6,6,6,6,6,6,5,71,4,9,9
5,4,1,1,1,1,1,1,1,1,1,5,8,12,0,0,2
2,5,3,1,2,1,1,5,4,2,5,4,2,41,4,0,4
6,6,2,2,2,2,2,6,5,2,4,2,5,57,0,4,5
2,2,2,2,2,1,1,1,1,1,1,1,4,50,0,0,0
5,1,5,1,1,1,1,1,1,1,1,1,5,35,3,3,3
5,5,4,4,2,4,3,2,3,5,4,4,4,39,0,2,2
6,6,6,6,7,7,7,7,7,7,6,6,4,50,11,9,10
5,5,3,3,3,3,3,4,4,6,6,1,1,58,0,0,4
6,6,4,2,4,6,7,7,7,4,4,7,7,22,0,0,4
3,6,2,1,1,1,2,2,2,1,2,1,3,29,0,0,0
2,2,2,2,2,2,2,2,2,2,2,2,4,52,3,4,3
4,4,7,4,4,4,4,4,4,4,4,4,3,49,0,0,0
5,5,4,1,1,1,2,1,1,1,1,1,4,38,0,0,2
5,4,1,1,1,3,2,2,2,1,1,1,5,49,0,0,0
4,5,6,5,5,4,5,5,2,3,5,4,7,39,0,7,1
7,7,6,6,6,2,2,5,5,5,5,5,8,35,1,4,5
4,5,7,1,2,1,6,2,1,1,5,3,2,35,0,0,4
7,2,2,1,2,6,5,4,4,2,2,4,8,44,1,4,5
7,6,4,3,2,1,6,4,4,4,4,6,8,22,3,8,7
5,3,1,1,1,1,1,1,1,1,1,1,1,19,0,0,0
2,2,6,5,6,2,6,5,5,3,6,6,8,47,3,7,3
6,6,1,1,1,1,3,1,1,1,1,1,3,31,0,0,2
3,5,3,2,2,1,6,5,5,1,1,1,2,17,0,0,2
5,5,5,4,2,5,4,6,4,2,2,4,7,35,0,5,6
1,1,1,1,1,1,1,1,1,1,1,1,4,29,0,0,0
4,4,4,4,4,1,1,4,4,5,5,7,4,40,6,6,6
5,5,5,5,5,5,5,5,5,5,6,6,7,35,4,8,7
2,3,2,2,2,1,1,1,1,1,1,1,2,41,0,0,6
6,6,2,2,3,3,5,5,3,2,3,5,2,38,2,2,4
7,7,7,7,7,7,7,7,7,7,7,7,5,72,5,8,10
3,1,1,1,1,1,1,1,1,1,1,1,4,54,9,9,9
2,5,2,2,2,1,1,5,4,2,2,5,1,26,1,1,6
1,1,1,1,1,1,1,1,1,1,1,1,1,34,0,6,6
6,6,6,4,4,1,1,1,1,1,1,7,8,25,0,4,0
5,4,5,4,5,3,5,4,4,5,5,5,2,44,7,6,9
6,5,4,4,4,1,2,1,1,1,1,1,7,43,0,0,0
5,3,3,3,3,1,2,1,1,1,1,2,4,31,0,0,4
1,1,5,1,4,1,4,4,4,4,5,4,4,34,0,0,5
5,2,5,5,5,5,5,5,2,2,5,5,4,41,5,9,3
1,2,1,1,1,1,1,4,4,2,4,4,3,31,0,0,7
1,1,1,1,1,1,1,1,1,1,1,1,4,30,0,0,0
5,5,5,3,3,1,1,1,1,5,4,1,5,48,0,0,0
4,6,1,1,1,1,1,4,4,1,1,1,1,32,0,0,4
2,2,2,2,2,1,4,1,1,1,4,1,1,39,0,0,0
1,6,7,2,1,1,6,4,4,4,4,7,4,37,1,5,6
5,6,1,1,1,1,1,4,4,4,4,4,4,45,4,4,6
2,2,1,1,1,1,1,1,2,1,1,1,4,61,0,0,3
5,5,2,1,2,2,2,2,2,2,2,2,4,40,0,0,0
2,2,5,5,2,2,3,4,4,4,4,5,7,29,2,5,7
5,4,5,4,2,4,4,5,5,2,1,4,8,25,1,5,6
3,2,1,1,1,1,1,1,1,1,1,1,5,28,0,1,4
5,4,4,3,3,3,5,4,4,4,4,5,4,31,3,4,3
6,5,4,2,2,1,1,4,4,4,4,4,4,40,0,5,8
5,6,4,4,4,3,3,2,2,1,1,3,3,22,0,6,0
5,2,5,2,2,2,2,5,4,2,3,3,4,44,1,1,8
1,1,5,3,1,1,1,4,4,1,4,1,5,26,0,0,6
2,2,1,1,1,1,1,2,2,2,2,1,5,27,0,1,3
5,4,5,2,4,2,2,4,4,4,5,2,7,41,1,3,5
3,2,2,1,1,1,1,1,1,1,1,1,1,50,0,0,3
4,3,4,3,3,2,2,1,1,2,2,1,2,47,0,4,2
5,4,3,3,3,2,2,2,2,2,2,2,2,52,0,0,4
7,5,2,4,4,4,2,7,7,4,5,3,8,42,0,3,6
7,7,7,7,7,7,7,7,7,7,7,7,1,72,8,12,12
6,6,1,1,1,1,6,2,2,2,2,4,4,39,1,7,1
3,6,2,2,4,5,5,3,3,2,2,5,4,32,0,3,5
5,5,1,1,1,1,5,4,4,4,4,4,1,14,0,0,6
5,5,3,3,3,3,3,4,4,4,4,3,2,41,0,0,0
7,7,5,4,4,5,1,2,2,1,4,5,4,42,0,0,0
1,2,4,1,2,1,1,4,1,1,1,1,4,26,0,0,4
4,4,4,4,4,4,4,4,4,4,4,4,4,45,6,6,6
6,5,2,2,2,2,2,1,1,1,1,1,2,34,1,0,3
2,2,5,1,1,2,5,2,2,5,6,6,7,15,0,3,8
6,5,2,2,2,3,5,5,5,4,4,5,4,39,1,0,2
7,7,4,3,3,2,6,1,1,1,1,4,8,29,8,2,0
1,1,1,1,1,1,1,1,1,1,1,1,4,21,0,0,0
5,5,5,3,3,4,3,4,4,4,4,4,2,33,1,4,9
2,5,4,4,4,2,7,7,7,2,5,5,2,31,0,4,6
2,2,4,2,2,1,1,1,1,1,1,1,2,31,0,2,8
5,2,5,4,4,5,5,7,6,4,4,5,4,59,5,9,9
7,6,2,2,2,2,2,2,2,2,2,2,5,34,1,1,6
6,6,7,1,1,1,1,4,4,1,1,1,4,32,0,0,5
5,5,5,2,1,2,2,1,1,1,1,1,3,41,0,0,4
6,6,5,3,3,2,1,5,5,1,2,2,1,58,0,1,8
5,5,3,3,3,3,3,4,4,2,4,3,5,41,0,0,5
5,2,1,1,1,5,5,1,1,1,5,6,8,42,3,0,10
6,5,5,6,5,2,5,4,4,3,4,5,3,48,6,8,8
2,2,2,3,2,2,2,4,4,4,4,5,1,33,0,1,5
6,4,4,3,3,4,7,5,5,7,6,5,4,59,0,8,6
7,7,2,1,1,2,2,3,2,2,2,1,2,41,0,4,4
5,3,1,1,5,1,1,1,1,1,1,1,1,63,0,0,7
5,6,6,3,5,1,1,1,1,1,1,1,3,47,0,0,4
5,5,2,1,3,1,1,5,5,2,4,2,4,22,0,1,5
1,1,1,1,1,1,1,1,1,1,1,1,2,21,0,0,0
4,5,4,2,2,3,5,2,2,2,5,3,8,39,1,3,9
6,6,6,6,6,6,6,6,6,6,6,6,1,69,6,5,4
2,2,1,1,1,1,1,1,1,1,1,1,2,44,0,0,2
1,1,1,1,1,1,1,1,1,1,1,1,4,46,0,4,8
7,6,7,5,4,2,2,6,6,5,1,7,7,60,4,11,10
5,2,2,2,2,2,2,2,2,2,2,2,4,30,3,3,6
5,5,2,2,2,2,6,5,5,5,5,4,2,32,3,3,5
5,5,2,2,2,3,3,2,2,3,3,4,5,39,0,3,6
7,5,6,1,1,1,1,1,1,1,1,1,7,58,0,0,8
6,6,4,4,4,1,1,6,3,4,5,7,3,48,1,5,6
5,5,4,3,4,1,3,2,2,2,2,2,5,26,0,2,6
7,7,7,7,7,7,7,6,6,7,4,7,8,65,6,10,7
3,1,1,1,1,1,1,1,1,1,2,1,2,27,0,4,6
5,2,5,5,6,3,5,4,4,4,4,5,7,38,3,7,5
6,5,1,1,1,1,1,1,1,1,1,1,1,36,0,0,5
1,1,1,1,1,1,1,1,1,1,1,1,2,53,0,0,8
5,6,4,2,2,5,2,2,1,2,5,7,5,31,0,0,4
6,3,2,2,3,1,2,4,4,1,2,1,2,35,0,0,3
5,2,3,3,3,3,3,2,2,1,1,2,2,38,1,4,6
6,6,3,3,3,3,2,2,4,2,3,3,4,48,2,3,4
4,4,4,4,4,4,4,4,4,4,4,4,4,39,3,5,6
6,6,1,1,1,4,4,1,1,1,1,1,4,43,0,0,0
5,5,5,2,2,5,2,2,2,2,2,2,7,31,0,0,0
1,1,1,1,1,1,1,1,1,1,1,1,2,40,6,6,6
5,4,3,3,3,4,4,2,3,2,3,6,4,26,5,4,6
5,4,3,3,2,2,2,1,1,1,1,5,4,29,2,6,6
6,4,7,6,7,7,7,7,7,7,7,7,8,72,4,10,6
2,3,3,3,3,2,4,4,5,5,4,4,3,68,0,6,1
2,1,1,1,1,1,1,1,1,1,1,1,2,26,4,0,7
6,7,7,4,4,4,3,5,4,7,4,4,4,44,3,8,5
1,1,1,1,2,2,2,2,2,2,2,1,1,18,1,0,3
3,4,4,5,4,4,4,4,4,4,3,4,4,47,6,4,8
7,6,7,7,4,7,1,6,6,1,1,7,8,65,4,8,6
5,1,1,1,1,1,1,1,1,1,1,1,1,30,0,0,2
5,5,5,5,5,5,5,4,4,4,4,4,5,45,3,3,4
7,7,7,7,7,7,7,7,7,7,7,7,5,60,8,10,11
3,2,2,2,2,1,1,1,1,1,1,2,2,48,1,5,7
6,7,5,3,4,5,6,1,1,3,6,7,5,35,1,6,7
5,4,4,4,5,4,5,4,4,4,4,4,4,44,6,6,7
6,5,1,1,1,1,3,4,2,2,2,1,7,40,0,0,1
5,5,2,1,2,5,5,5,5,5,2,3,8,46,1,0,4
5,2,4,3,2,1,1,2,2,1,1,1,5,38,0,4,6
2,2,1,1,1,1,1,1,1,1,1,1,2,12,0,0,0
6,3,1,1,1,1,1,1,1,1,1,1,1,28,0,1,0
4,5,4,4,5,5,4,4,4,5,4,5,4,44,7,8,7
3,5,2,2,2,5,5,1,1,1,1,1,2,34,1,6,9
5,5,3,3,3,4,4,4,4,4,4,4,4,34,2,3,5
4,4,2,1,4,2,2,4,4,2,4,4,4,60,0,2,5
1,1,3,1,2,2,4,4,4,3,2,3,3,36,0,0,5
6,6,5,4,5,2,5,6,5,2,5,5,7,36,0,6,5
5,5,4,4,4,4,5,6,5,2,3,5,3,50,1,8,4
6,6,3,2,2,5,5,4,4,4,4,5,3,38,1,3,7
5,5,2,1,1,1,1,1,1,1,1,1,7,44,0,3,4
7,7,6,7,7,6,6,4,4,4,4,7,4,50,1,7,0
4,3,4,4,3,3,3,4,4,4,4,4,4,44,4,3,4
4,4,4,4,4,4,4,4,4,4,4,4,4,56,6,6,6
5,5,2,2,3,1,2,3,4,1,3,1,4,48,0,5,5
2,5,6,1,1,4,4,5,5,1,5,6,7,35,0,0,5
6,7,7,5,5,7,7,7,6,2,2,7,2,42,0,1,6
2,2,2,3,3,2,2,2,2,2,1,3,2,46,1,1,7
4,4,2,1,2,1,1,2,1,1,3,2,2,37,0,4,6
1,2,5,2,1,1,1,2,2,1,1,1,4,29,0,1,6
5,5,2,2,2,2,3,5,5,5,5,5,4,38,2,3,9
5,2,6,3,3,1,2,2,4,2,2,2,4,65,3,4,5
1,1,1,1,1,1,1,1,1,1,1,1,1,55,0,0,6
5,6,5,2,4,5,4,5,5,4,3,5,7,42,5,3,6
4,5,4,4,4,4,4,4,4,4,4,4,7,42,3,3,4
6,7,1,1,2,7,7,1,1,1,1,2,3,45,0,1,2
5,4,5,5,5,5,5,4,3,4,1,3,3,46,6,7,7
2,3,5,2,3,1,5,2,5,2,2,1,3,33,3,3,3
3,2,3,2,2,2,1,2,2,1,1,1,4,33,4,0,7
6,6,6,3,5,4,4,5,2,3,5,6,7,50,2,5,8
4,5,4,2,2,2,2,2,2,2,2,2,2,30,2,4,7
5,6,5,4,4,3,5,4,4,5,3,4,5,37,0,6,7
5,6,5,2,3,2,2,2,2,2,2,1,4,50,1.895156851,6,5.945712233
5,5,1,1,1,1,2,4,4,2,2,2,2,15,0,0,6
6,6,3,2,2,2,2,2,2,2,2,1,5,56,0,4,2
4,4,3,3,2,1,1,1,1,1,1,1,5,29,0,0,3
6,5,5,5,5,1,5,5,5,3,3,4,2,34,0,3,4
2,1,5,1,1,1,1,1,1,1,1,1,2,41,0,1,6
5,5,5,3,3,5,5,5,2,5,5,2,7,41,0,0,2
4,4,1,1,1,1,1,1,1,1,1,1,3,28,0,0,0
6,7,6,7,7,7,7,6,5,6,6,7,8,37,7,9,6
5,5,3,3,3,3,4,4,4,4,4,4,7,49,3,3,3
5,1,5,1,1,1,1,1,1,1,1,1,4,43,0,0,4
5,4,2,2,2,2,2,2,2,1,2,2,7,34,1,8,4
5,5,5,3,3,5,5,5,5,5,5,5,3,37,1,0,7
4,4,4,4,4,4,4,4,4,4,4,4,3,57,6,0,2
2,2,2,2,5,5,6,7,7,4,6,6,2,66,3,6,8
6,6,2,1,1,6,7,2,2,2,2,2,2,47,0,2,6
5,5,2,2,2,2,5,4,3,2,4,2,2,39,2,5,6
1,1,1,1,1,1,1,1,1,1,1,1,3,45,0,0,6
1,5,2,1,1,1,1,1,1,2,5,1,1,43,0,0,6
5,5,4,4,4,4,3,3,5,4,4,4,4,38,0,4,3
7,6,6,4,5,4,4,4,4,4,4,6,4,50,2,5,6
5,4,4,4,3,2,6,5,3,5,5,2,4,48,0,0,2
1,2,1,1,2,2,2,1,1,2,2,1,2,28,0,2,2
5,5,4,4,4,2,5,5,5,2,3,5,7,56,1,6,5
7,7,7,3,5,7,6,7,7,4,1,7,4,49,0,8,4
5,5,1,1,1,1,1,3,4,3,3,3,2,42,0,0,2
1,5,1,1,1,1,1,1,1,1,1,1,5,14,0,0,9
5,5,2,1,3,4,2,1,1,1,1,1,4,39,0,0,6
6,6,5,2,5,5,5,6,6,6,4,5,7,38,5,2,8
6,6,4,3,2,3,5,2,2,1,2,4,2,26,2,0,6
5,3,6,1,1,2,1,2,2,2,2,1,3,36,0,0,4
7,7,3,1,2,6,7,5,6,4,6,6,1,64,0,6,8
6,5,4,3,3,3,4,2,2,3,3,3,4,29,0,4,5
5,3,5,3,3,2,2,2,2,2,2,2,1,39,1,3,9
7,6,5,3,1,7,7,5,3,4,5,7,7,39,1,6,9
1,4,2,2,1,1,1,1,1,1,1,1,2,31,0,0,2
1,1,1,1,1,4,4,1,1,1,1,1,2,36,0,0,7
6,6,7,7,4,4,7,7,7,4,4,7,7,47,4,10,2
5,5,5,6,4,4,5,5,4,3,5,6,7,51,3,8,6
5,4,1,1,1,1,1,1,1,1,1,1,2,40,0,0,0
2,2,2,1,2,3,4,2,2,2,2,3,3,39,0,2,5
2,2,1,2,2,2,2,2,2,2,1,2,4,50,1,1,6
7,7,5,4,2,5,6,5,5,5,6,6,2,19,0,5,6
1,1,5,1,1,1,1,6,6,1,1,1,2,23,0,1,5
5,5,3,2,2,2,2,2,2,2,5,2,4,27,0,2,3
1,1,2,1,1,1,1,1,1,1,1,1,1,22,0,4,7
5,5,6,1,3,1,1,1,1,1,3,7,4,61,0,2,2
4,5,4,4,4,1,1,1,1,1,1,1,4,33,0,6,3
4,4,4,2,4,2,4,2,2,2,2,3,2,43,0,1,3
6,6,3,1,1,1,2,2,2,2,3,2,4,37,0,0,1
5,6,5,2,1,2,5,5,5,2,4,1,1,39,0,0,2
5,5,3,3,3,3,3,2,2,2,2,3,8,30,3,6,4
5,5,2,2,2,2,2,2,2,2,2,2,1,29,0,0,0
2,5,2,2,2,1,4,4,3,2,2,4,2,46,2,0,5
6,6,4,4,3,4,5,5,5,3,3,5,2,29,0,4,9
2,6,2,2,2,1,1,1,1,1,1,1,8,14,0,5,4
1,1,2,1,1,1,1,1,1,1,1,1,1,18,0,4,7
5,5,2,2,2,1,2,3,3,4,4,3,4,45,3,4,9
6,5,6,6,5,6,5,7,7,7,6,5,4,49,8,1,1
6,6,5,2,2,1,5,1,1,1,1,1,4,40,4,1,2
1,2,1,1,2,1,1,1,1,1,1,1,1,28,0,3,6
7,7,5,5,4,6,6,5,5,1,1,6,3,18,0,6,4
6,6,6,6,6,5,5,7,6,6,5,5,8,65,9,9,9
4,4,6,6,4,4,4,4,4,4,4,4,4,55,1,2,6
1,1,1,1,1,1,1,1,1,1,1,1,4,41,0,0,0
5,6,2,1,1,1,6,1,1,2,5,5,5,31,1,2,5
1,1,3,1,1,1,5,1,1,1,1,1,4,32,0,8,4
5,2,2,2,2,2,2,2,2,2,2,2,7,29,0,0,0
5,5,2,2,1,2,6,2,2,2,2,2,1,23,0,1,5
4,4,3,2,2,3,5,5,5,1,4,3,5,41,2,4,5
5,6,4,4,4,2,1,3,4,4,4,4,4,31,0,4,2
7,7,1,1,1,1,2,2,2,1,1,1,5,37,0,0,0
5,5,4,3,3,1,1,1,1,1,1,1,4,50,0,0,0
1,1,1,1,1,1,1,1,1,1,1,1,5,27,0,5,6
5,5,5,3,2,1,1,1,1,1,1,1,3,44,3,4,9
5,5,6,5,5,1,2,1,1,5,5,5,7,55,0,6,6
2,5,2,2,2,1,5,3,3,3,3,3,2,33,2,3,7
5,6,6,2,6,1,1,6,5,1,1,1,1,38,0,0,4
2,5,2,1,1,1,1,1,1,1,1,1,2,33,0,0,2
2,5,1,1,1,1,1,1,1,1,1,1,4,49,0,5,0
5,4,4,4,4,2,2,2,2,2,2,2,7,34,3,3,3
5,5,4,3,2,2,2,1,1,1,1,1,3,24,0,0,3
1,1,1,1,1,1,1,1,1,1,1,4,4,30,0,0,6
1,1,1,1,1,1,1,1,1,1,1,1,4,28,0,6,2
4,4,4,4,4,4,4,4,4,4,4,4,5,28,6,6,6
2,4,1,1,1,1,1,1,1,1,1,1,1,33,0,0,4
5,5,2,2,2,2,2,2,2,2,2,4,3,27,3,3,5
4,4,5,4,4,4,4,4,4,4,4,6,4,44,4,4,6
5,3,6,2,2,1,2,1,1,1,1,1,4,32,0,3,3
5,5,3,3,2,1,1,1,1,2,2,1,1,40,0,0,2
6,1,2,1,1,1,1,1,1,1,4,1,5,40,1,7,4
1,1,1,1,1,1,1,1,1,1,1,1,4,36,0,0,0
4,6,2,2,2,4,4,4,4,2,2,3,3,27,0,1,2
6,5,4,2,2,5,5,4,4,5,5,5,7,38,2,3,6
6,6,5,5,4,4,3,6,5,5,4,4,4,55,1,4,6
4,2,1,1,1,1,1,1,1,1,1,1,4,36,3,0,7
5,4,6,2,4,2,7,6,2,5,1,3,4,46,4,4,8
2,5,1,1,1,1,1,1,1,1,1,1,1,15,0,0,0
5,5,5,3,4,3,3,4,4,5,5,4,4,40,3,3,6
2,2,2,1,1,1,1,1,1,1,1,5,4,39,3,2,2
7,7,6,5,4,5,5,1,6,1,5,7,7,60,1,9,7
6,7,7,6,5,5,2,2,2,1,1,1,2,41,3,6,3
5,7,1,1,3,1,1,1,1,1,1,1,1,51,0,0,0
4,4,4,4,4,2,4,4,4,4,5,4,7,41,6,3,6
4,4,3,2,3,5,5,2,6,3,5,5,2,40,2,6,6
5,5,3,3,3,3,5,5,5,5,3,3,2,38,1,6,6
1,1,1,1,1,1,1,1,1,1,1,1,5,24,0,4,5
5,5,5,2,2,5,1,4,4,2,1,1,2,26,0,0,2
4,4,4,4,4,4,4,7,7,4,7,7,1,52,6,10,6
1,5,1,1,1,1,1,1,1,1,1,1,2,12,0,0,0
1,1,1,1,1,2,2,1,1,2,3,2,3,27,1,4,7
5,7,3,1,2,1,1,4,2,1,5,1,3,25,0,2,0
1,5,1,1,1,5,2,2,6,1,1,4,4,40,4,1,6
5,5,4,4,4,2,2,2,2,2,2,2,3,44,2,3,5
4,6,4,4,4,2,2,4,2,4,4,4,7,38,3,7,9
1,1,1,1,1,1,1,1,1,1,1,1,2,32,0,0,1
6,6,4,4,4,4,4,4,5,4,4,6,8,18,1,6,5
1,1,1,1,3,1,1,1,4,1,1,1,4,42,0,0,6
5,6,5,4,4,4,5,4,2,2,5,4,4,41,3,2,5
2,2,5,1,1,2,2,2,2,2,2,2,2,51,0,2,0
5,5,3,3,4,3,5,6,6,5,5,4,5,30,3,3,8
4,4,2,2,1,1,5,6,5,1,1,3,2,23,0,4,7
1,1,1,1,1,1,1,1,1,1,4,1,5,31,0,3,3
7,5,1,1,1,1,1,1,1,1,1,1,1,16,0,0,12
5,4,1,1,1,1,1,1,1,1,1,1,2,58,0,0,0
3,1,1,1,1,1,2,2,1,2,2,2,7,40,2,2,2
4,2,2,2,1,1,1,1,1,1,2,1,4,53,0,0,0
2,2,4,4,4,1,1,5,5,5,4,4,4,37,0,2,6
7,7,6,5,7,7,7,7,7,7,7,7,2,45,0,4,2
5,5,4,5,4,5,5,3,3,5,5,5,5,41,8,9,7
2,5,2,2,2,2,5,5,5,2,2,2,2,26,2,3,9
5,4,1,1,5,5,7,2,2,1,2,4,2,21,1,0,7
5,7,4,2,1,3,4,4,4,2,4,3,4,33,0,0,4
5,6,4,3,5,2,5,7,7,6,6,5,7,50,0,4,1
5,6,3,3,2,2,4,5,2,1,1,2,3,46,0,4,3
5,5,5,5,4,1,1,1,1,1,1,1,4,34,0,1,5
3,5,2,1,1,1,1,1,1,1,1,1,5,30,0,4,1
3,3,6,5,3,5,5,5,5,4,3,6,4,43,1,5,6
5,6,1,1,2,4,6,2,1,5,3,4,7,34,1,0,0
2,2,3,1,6,4,7,4,4,4,2,7,8,60,0,0,2
4,4,4,2,4,2,2,2,2,2,2,2,2,43,3,3,3
5,5,5,2,1,6,7,4,4,2,1,4,7,56,0,6,11
7,7,7,7,7,7,7,7,7,7,7,7,7,66,4,10,8
6,5,5,5,5,2,2,6,6,2,3,5,3,37,0,1,6
1,5,1,1,1,1,1,1,1,1,4,1,7,34,0,1,4
5,6,4,4,4,4,4,5,5,4,5,5,2,36,1,3,4
5,1,5,4,4,2,5,2,2,1,1,5,2,17,0,6,8
4,5,5,3,2,2,3,6,4,5,3,4,7,27,1,4,5
5,5,2,2,2,2,3,2,2,2,2,2,2,30,0,1,6
4,5,4,3,4,4,5,4,4,4,4,4,7,45,1,4,6
2,5,7,7,2,1,1,1,1,1,1,7,8,28,4,9,8
5,4,1,1,2,1,4,1,1,1,1,1,3,24,0,0,6
2,5,2,2,2,1,2,2,2,2,2,2,2,40,0,0,0
5,3,5,3,5,4,5,4,4,4,4,3,7,28,0,3,9
6,5,5,5,5,4,5,5,5,5,5,7,8,27,1,6,4
7,7,7,7,7,7,7,7,7,7,7,7,4,72,0,10,6
2,4,1,1,1,2,1,1,1,1,1,1,7,16,0,0,8
2,2,2,2,2,1,1,1,1,1,1,1,4,31,1,0,6
5,5,5,4,4,3,5,2,1,2,4,6,5,59,1,3,6
2,2,1,1,2,1,2,1,1,1,1,1,5,38,0,4,3
5,2,2,2,2,1,2,5,3,1,1,1,2,28,0,0,6
5,5,5,5,5,5,5,3,3,3,3,3,5,28,3,5,4
3,6,6,4,5,2,2,2,2,2,2,2,2,29,0,0,7
6,6,2,1,1,1,1,4,4,4,4,1,3,12,0,0,2
4,5,6,3,2,7,7,3,3,1,1,1,4,52,0,1,0
1,1,1,1,1,1,1,1,1,1,1,1,4,37,0,3,1
1,1,1,1,1,1,1,1,1,1,1,1,4,45,0,0,0
1,6,5,4,2,1,3,1,2,1,1,1,4,41,0,2,8
2,3,6,2,3,1,1,1,1,1,2,1,2,32,0,1,6
7,7,7,7,7,7,7,7,7,4,6,7,3,68,2,5,6
1,5,2,2,2,2,3,1,1,1,1,1,4,26,0,0,0
7,5,5,5,3,5,6,7,7,5,3,7,8,56,4,10,7
4,4,5,4,4,5,5,3,3,4,3,5,2,39,0,0,7
5,5,2,2,3,5,1,4,4,4,5,1,7,29,1,4,9
7,7,7,7,7,1,1,7,7,7,7,7,1,72,12,12,12
6,6,6,5,4,6,7,4,4,4,5,6,7,58,5,8,8
4,5,4,2,2,2,2,2,2,2,4,2,2,20,0,1,2
7,1,7,7,7,7,7,7,7,7,7,7,8,72,12,12,12
3,1,1,1,1,1,1,1,1,1,2,1,2,37,0,0,4
6,5,5,4,1,6,6,2,2,2,2,7,3,42,2,8,12
5,5,3,1,1,1,1,1,2,3,1,1,4,33,0,1,5
7,7,7,7,7,6,7,6,6,7,6,6,4,51,7,10,10
5,7,7,5,5,6,6,4,4,4,5,7,7,53,2,8,5
7,7,1,1,1,5,1,1,1,1,1,1,2,32,0,0,6
4,5,5,4,5,1,4,1,1,1,1,4,5,26,0,3,4
2,1,1,1,2,1,1,1,1,2,2,1,2,30,2,1,4
5,5,3,3,3,3,4,3,3,2,4,2,2,32,3,3,5
1,1,1,1,1,1,1,1,1,1,1,1,4,17,0,0,9
3,4,4,3,4,1,1,2,2,2,2,2,5,49,0,6,9
2,4,3,1,1,1,2,1,1,1,1,1,2,21,0,0,3
2,5,2,1,1,1,1,5,4,1,2,2,1,17,0,0,7
1,1,1,1,1,1,1,1,1,1,1,1,4,51,0,4,6
5,4,2,2,2,1,2,1,1,1,3,2,4,38,1,4,6
4,5,3,2,2,2,5,5,4,5,4,4,3,25,1,3,7
7,7,7,7,7,7,7,1,1,1,1,7,1,55,0,8,12
4,6,6,5,4,4,5,4,4,2,6,5,4,36,0,2,7
6,6,6,6,6,6,6,6,6,6,6,6,5,57,9,9,9
5,4,6,4,4,6,6,5,5,4,4,2,2,33,3,4,8
3,2,2,2,2,2,2,2,2,2,2,2,4,41,0,0,5
4,5,5,2,2,2,5,2,2,2,3,3,2,39,0,4,5
3,5,4,1,3,1,1,1,1,1,1,1,4,48,0,0,0
2,2,3,4,1,5,4,5,5,4,5,5,2,61,8,6,7
7,7,4,3,4,4,4,4,3,4,3,7,4,42,0,3,9
7,7,7,7,7,7,7,7,4,1,4,7,3,36,0,11,6
2,4,6,4,5,4,4,5,4,4,4,4,1,19,0,0,2
1,3,2,2,2,1,3,2,2,2,2,2,4,29,5,5,6
5,5,5,1,1,5,5,2,2,2,2,2,1,43,0,1,0
4,5,4,4,4,2,2,2,2,2,2,2,5,41,3,6,6
1,1,1,1,1,1,1,1,1,1,1,2,7,45,6,6,6
2,2,5,1,1,1,5,1,1,1,1,1,2,29,0,6,7
7,6,5,1,2,2,2,4,4,4,4,2,2,24,0,0,0
7,7,3,3,2,5,7,2,2,2,2,7,4,68,2,9,6
6,5,2,2,2,7,7,5,6,3,6,4,4,41,0,2,6
3,3,3,3,3,2,2,2,2,2,2,2,2,27,3,3,4
4,4,5,5,4,4,4,4,4,4,6,7,4,69,0,0,11
6,5,5,5,5,3,5,4,4,3,4,4,4,48,4,7,8
5,5,1,1,1,5,1,4,4,5,5,7,3,27,0,0,6
5,2,1,1,1,1,5,1,1,1,4,5,7,35,0,1,0
4,5,5,4,4,4,5,1,1,1,1,1,3,43,0,0,6
4,4,4,2,4,1,1,3,3,5,3,2,4,32,0,4,4
6,6,6,4,4,4,4,4,4,4,4,4,4,72,0,0,12
5,6,1,1,2,1,1,1,2,1,1,2,1,33,0,2,7
5,6,5,2,2,2,2,2,2,2,2,2,1,40,3,5,3
2,5,4,2,2,2,2,1,1,1,4,2,5,36,0,1,3
7,5,7,7,5,7,7,7,7,7,4,7,8,42,3,10,1
3,2,3,2,3,4,4,4,3,3,4,4,2,36,5,4,7
6,6,6,6,6,5,6,6,6,3,5,6,7,60,5,9,7
6,6,6,5,5,2,3,4,4,4,5,5,4,49,0,4,4
1,1,1,1,1,3,5,1,7,1,1,3,2,41,0,6,2
5,6,2,2,4,1,1,1,1,5,5,6,1,63,4,3,12
3,4,4,4,4,4,4,3,3,2,1,1,4,48,6,6,7.5
5,5,4,4,4,4,3,4,4,4,3,4,4,44,3,4,5
4,4,4,4,4,4,4,1,1,1,1,1,2,39,6,6,6
3,1,2,2,2,3,5,4,4,2,2,4,5,43,0,5,8
4,4,2,2,5,2,5,4,4,4,4,4,4,49,4,7,9
5,5,1,1,4,1,1,1,4,1,1,1,4,47,0,4,4
5,4,4,2,2,2,5,4,4,5,6,4,8,35,0,6,6
6,6,6,6,4,4,5,4,4,1,1,5,5,54,1,6,5
